pref_name,station_name,line_name,station_lat,station_lon,passenger_2017,passenger_2018,passenger_2019
埼玉県,大宮,複数ライン,35.906256,139.623625,689999,702577,700854
神奈川県,いずみ中央,相鉄いずみ野線,35.4155,139.487104,16016,16195,16257
神奈川県,いずみ野,相鉄いずみ野線,35.429416,139.495213,13969,13962,13752
千葉県,おゆみ野,京成千原線,35.549997,140.16629,5031,5105,5221
東京都,お台場海浜公園,ゆりかもめ,35.629899,139.778736,16944,17165,16899
東京都,お花茶屋,京成本線,35.747582,139.840225,33442,33781,34319
神奈川県,かしわ台,相鉄本線,35.466798,139.416107,18990,18811,18665
千葉県,くぬぎ山,新京成線,35.782413,139.975657,7331,7324,7297
神奈川県,こどもの国,こどもの国線,35.558401,139.486375,11841,11750,11458
埼玉県,さいたま新都心,ＪＲ京浜東北線,35.89384,139.633569,100138,111102,111102
神奈川県,さがみ野,相鉄本線,35.47152,139.429133,37893,37847,37399
東京都,すずかけ台,東急田園都市線,35.516933,139.481488,11630,11687,11623
埼玉県,せんげん台,東武スカイツリーライン(浅草－東武動物公園),35.935755,139.774583,59513,58651,57414
神奈川県,たまプラーザ,東急田園都市線,35.577401,139.558618,83397,83922,83136
千葉県,ちはら台,京成千原線,35.533805,140.170236,5825,5824,5948
埼玉県,つきのわ,東武東上線,36.043459,139.34542,4980,5162,5352
神奈川県,つきみ野,東急田園都市線,35.510323,139.458046,10804,10648,10537
東京都,つくし野,東急田園都市線,35.527599,139.485126,11954,11799,11544
東京都,つつじケ丘,京王線,35.658114,139.575223,0,0,0
東京都,とうきょうスカイツリー,東武スカイツリーライン(浅草－東武動物公園),35.710335,139.809063,0,0,0
東京都,ときわ台,東武東上線,35.758661,139.689682,48527,48647,47894
神奈川県,はるひ野,小田急多摩線,35.618784,139.464596,9865,10068,10048
東京都,ひばりケ丘,西武池袋線(池袋－飯能),35.751576,139.545527,0,0,0
埼玉県,ひろせ野鳥の森,秩父鉄道,36.146225,139.351804,1201,1218,1163
埼玉県,ふじみ野,東武東上線,35.860814,139.523108,67250,67543,66843
埼玉県,みずほ台,東武東上線,35.838233,139.550856,41134,41399,41146
千葉県,みつわ台,千葉都市モノレール２号線,35.638682,140.134928,3533,3516,3503
千葉県,みどり台,京成千葉線,35.624794,140.09771,7524,7767,7837
神奈川県,みなとみらい,みなとみらい線,35.457971,139.632368,84887,88175,90677
千葉県,みのり台,新京成線,35.789273,139.929021,8804,8785,8810
東京都,めじろ台,京王高尾線,35.643362,139.307719,17804,17312,16780
神奈川県,ゆめが丘,相鉄いずみ野線,35.405613,139.482382,2223,2198,2207
千葉県,スポーツセンター,千葉都市モノレール２号線,35.643264,140.116096,5125,5011,4736
神奈川県,センター北,横浜市営地下鉄グリーンライン,35.553237,139.578479,58701,61011,60889
神奈川県,センター南,横浜市営地下鉄グリーンライン,35.54546,139.574591,59199,59840,58579
埼玉県,ソシオ流通センター,秩父鉄道,36.136506,139.42438,689,693,633
東京都,テレコムセンター,ゆりかもめ,35.617678,139.77957,13744,13475,12140
千葉県,ベイサイド・ステーション,ディズニーリゾートライン(ベイサイド－リゾートゲートウェイ),35.627957,139.876506,0,0,0
千葉県,ユーカリが丘,京成本線,35.721757,140.156367,23727,23559,23106
千葉県,リゾートゲートウェイ・ステーション,ディズニーリゾートライン(リゾートゲートウェイ－ベイサイド),35.635178,139.885116,0,0,0
埼玉県,一ノ割,東武スカイツリーライン(浅草－東武動物公園),35.964141,139.766304,18469,18440,18063
東京都,一之江,都営地下鉄新宿線,35.686006,139.882892,43548,44627,44708
埼玉県,一本松,東武越生線,35.940386,139.370284,4258,4409,4451
東京都,一橋学園,西武多摩湖線,35.722245,139.480089,21663,21526,21189
千葉県,七光台,東武アーバンパークライン(大宮－柏),35.970808,139.852798,7204,7119,7128
埼玉県,七里,東武アーバンパークライン(大宮－柏),35.936281,139.665759,20556,20547,20392
神奈川県,七里ケ浜,江ノ島電鉄,35.306206,139.509912,0,0,0
東京都,万願寺,多摩モノレール,35.671,139.420153,4034,4093,8108
神奈川県,三ツ境,相鉄本線,35.467661,139.502656,58905,58418,57806
神奈川県,三ツ沢上町,横浜市営地下鉄ブルーライン,35.476579,139.605424,16873,17264,16736
神奈川県,三ツ沢下町,横浜市営地下鉄ブルーライン,35.476579,139.615424,12506,12614,12592
東京都,三ノ輪,東京メトロ日比谷線,35.72936,139.791231,41249,42833,43601
東京都,三ノ輪橋,都電荒川線,35.732193,139.791397,3266,3266,3266
千葉県,三咲,新京成線,35.749113,140.028627,13752,14071,13992
埼玉県,三峰口,秩父鉄道,35.960099,138.977787,426,384,360
神奈川県,三崎口,京急久里浜線,35.17825,139.633296,17854,17424,16683
東京都,三河島,ＪＲ常磐線快速,35.733304,139.777676,22186,23016,23016
神奈川県,三浦海岸,京急久里浜線,35.18836,139.653433,11681,11458,10981
東京都,三田,都営地下鉄三田線,35.647675,139.74846,216184,222361,225304
東京都,三越前,東京メトロ半蔵門線,35.685449,139.773456,129691,132185,133564
東京都,三軒茶屋,東急田園都市線,35.643507,139.671022,174224,178222,179069
埼玉県,三郷,ＪＲ武蔵野線,35.844878,139.886773,28634,29242,29242
埼玉県,三郷中央,つくばエクスプレス,35.824047,139.878164,27900,29900,30500
千葉県,三門,ＪＲ外房線,35.282335,140.39159,0,0,0
東京都,三鷹,ＪＲ中央本線(東京－塩尻),35.702665,139.560696,191936,197414,197414
東京都,三鷹台,京王井の頭線,35.692222,139.588915,23062,22741,22072
東京都,上中里,ＪＲ京浜東北線,35.74658,139.746955,15280,16124,16124
東京都,上井草,西武新宿線,35.725107,139.603579,21412,21490,21302
東京都,上北台,多摩モノレール,35.745714,139.415844,6530,6560,13031
東京都,上北沢,京王線,35.668837,139.623497,15859,16169,15942
神奈川県,上大井,ＪＲ御殿場線,35.321866,139.163635,0,0,1049
神奈川県,上大岡,京急本線,35.409197,139.596595,219227,221224,217258
埼玉県,上尾,ＪＲ高崎線,35.973526,139.588459,83494,84420,84420
神奈川県,上強羅,箱根登山ケーブル,35.24726,139.038093,103,138,119
神奈川県,上星川,相鉄本線,35.467246,139.580509,25953,26052,26006
千葉県,上本郷,新京成線,35.789523,139.916273,7225,7181,7107
東京都,上板橋,東武東上線,35.763494,139.676433,51674,52252,51929
神奈川県,上永谷,横浜市営地下鉄ブルーライン,35.401448,139.573097,36935,37684,37146
神奈川県,上溝,ＪＲ相模線,35.557649,139.363301,11998,12572,12572
埼玉県,上熊谷,秩父鉄道,36.142893,139.380801,891,898,881
東京都,上町,東急世田谷線,35.643395,139.646635,10050,10600,10587
東京都,上石神井,西武新宿線,35.726218,139.592081,44573,44959,44893
埼玉県,上福岡,東武東上線,35.873896,139.511691,56973,56934,56428
千葉県,上総一ノ宮,ＪＲ外房線,35.373659,140.36506,5924,6032,6032
千葉県,上総三又,小湊鉄道,35.465839,140.126798,102,100,100
千葉県,上総中川,いすみ鉄道,35.282584,140.280433,8,10,12
千葉県,上総中野,小湊鉄道,35.250113,140.199579,164,246,70
千葉県,上総久保,小湊鉄道,35.367377,140.154412,10,11,11
千葉県,上総亀山,ＪＲ久留里線,35.233058,140.08984,0,0,0
千葉県,上総大久保,小湊鉄道,35.283359,140.14586,12,8,8
千葉県,上総山田,小湊鉄道,35.454091,140.126271,116,115,115
千葉県,上総川間,小湊鉄道,35.388014,140.150827,64,59,59
千葉県,上総村上,小湊鉄道,35.496113,140.100299,111,106,106
千葉県,上総東,いすみ鉄道,35.26317,140.344734,34,30,28
千葉県,上総松丘,ＪＲ久留里線,35.257804,140.064035,0,0,0
千葉県,上総清川,ＪＲ久留里線,35.390927,139.965565,0,0,0
千葉県,上総湊,ＪＲ内房線,35.222249,139.87133,1576,1418,1418
千葉県,上総牛久,小湊鉄道,35.400208,140.142022,611,560,560
千葉県,上総興津,ＪＲ外房線,35.13721,140.250942,412,376,376
千葉県,上総鶴舞,小湊鉄道,35.381265,140.164966,15,14,14
東京都,上野,ＪＲ上野東京ライン,35.713557,139.776788,578406,592161,586612
東京都,上野広小路,東京メトロ銀座線,35.70764,139.773039,24495,25671,24123
東京都,上野御徒町,都営地下鉄大江戸線,35.707946,139.773733,58303,60000,59753
東京都,上野毛,東急大井町線,35.612009,139.638859,22538,22874,22572
埼玉県,上長瀞,秩父鉄道,36.085977,139.113326,299,263,241
東京都,下丸子,東急多摩川線,35.571154,139.685774,36250,36883,36829
東京都,下井草,西武新宿線,35.723941,139.624328,24872,25181,24921
東京都,下北沢,京王井の頭線,35.66131,139.667494,230025,233044,237319
埼玉県,下山口,西武狭山線,35.779349,139.440841,8300,8202,8012
神奈川県,下曽我,ＪＲ御殿場線,35.303507,139.183411,0,0,2627
東京都,下板橋,東武東上線,35.745663,139.714875,16044,16320,16554
神奈川県,下永谷,横浜市営地下鉄ブルーライン,35.402836,139.559292,11225,11481,11360
神奈川県,下溝,ＪＲ相模線,35.518154,139.380524,0,0,0
東京都,下神明,東急大井町線,35.608817,139.726324,8339,8643,8702
千葉県,下総中山,ＪＲ中央・総武線各駅停車,35.714281,139.943107,46796,48232,48232
千葉県,下総松崎,ＪＲ成田線(我孫子－成田),35.807639,140.277936,1442,1384,1384
千葉県,下総橘,ＪＲ成田線(千葉－銚子),35.818645,140.702317,0,0,0
千葉県,下総神崎,ＪＲ成田線(千葉－銚子),35.894882,140.41056,1760,1680,1680
千葉県,下総豊里,ＪＲ成田線(千葉－銚子),35.793093,140.720706,0,0,0
東京都,下落合,西武新宿線,35.715833,139.695155,12414,12479,12435
東京都,下赤塚,東武東上線,35.77052,139.644574,16551,16426,16287
千葉県,下郡,ＪＲ久留里線,35.355211,140.055475,0,0,0
神奈川県,下飯田,横浜市営地下鉄ブルーライン,35.403056,139.482383,6493,6591,6571
東京都,下高井戸,京王線,35.666143,139.641385,64475,65230,64731
東京都,不動前,東急目黒線,35.625675,139.713436,30805,31317,31573
埼玉県,与野,ＪＲ京浜東北線,35.884314,139.639014,52102,52996,52996
埼玉県,与野本町,ＪＲ埼京線,35.881147,139.626042,30124,30958,30958
東京都,世田谷,東急世田谷線,35.643423,139.650634,8656,9129,9119
東京都,世田谷代田,小田急小田原線,35.658171,139.661245,8343,8828,9348
東京都,両国,都営地下鉄大江戸線,35.696837,139.797343,113643,115037,115790
神奈川県,並木中央,横浜シーサイドライン,35.365452,139.643009,5036,5194,5265
神奈川県,並木北,横浜シーサイドライン,35.372008,139.642759,3464,3598,3582
東京都,中井,西武新宿線,35.715027,139.686823,54586,55632,55114
東京都,中央大学・明星大学,多摩モノレール,35.642114,139.408211,17367,17283,33675
神奈川県,中央林間,東急田園都市線,35.507684,139.444603,202854,202336,206208
千葉県,中学校,山万ユーカリが丘線(女子大－公園),35.740088,140.148395,1138,1039,1014
神奈川県,中山,横浜市営地下鉄グリーンライン,35.514768,139.539317,113613,115663,115191
神奈川県,中川,横浜市営地下鉄ブルーライン,35.562681,139.570146,19017,19185,18872
東京都,中延,東急大井町線,35.605706,139.712714,54215,56323,56450
神奈川県,中強羅,箱根登山ケーブル,35.248122,139.040593,143,144,100
東京都,中村橋,西武池袋線(池袋－飯能),35.736802,139.637798,40374,40792,41021
東京都,中板橋,東武東上線,35.756134,139.69471,28527,29136,29052
東京都,中河原,京王線,35.659529,139.457567,25961,26088,25845
埼玉県,中浦和,ＪＲ埼京線,35.853901,139.637321,26068,26680,26680
神奈川県,中田,横浜市営地下鉄ブルーライン,35.411001,139.511657,18105,18592,18030
東京都,中目黒,東急東横線,35.644284,139.698881,196964,196807,196777
東京都,中神,ＪＲ青梅線,35.70905,139.375821,22402,22816,22816
東京都,中野,ＪＲ中央線快速,35.705805,139.665964,292800,301772,301772
東京都,中野坂上,東京メトロ丸ノ内線(池袋－荻窪),35.697113,139.68263,116636,118332,119753
東京都,中野富士見町,東京メトロ丸ノ内線(中野坂上－方南町),35.690585,139.667215,19481,20161,20202
神奈川県,中野島,ＪＲ南武線(川崎－立川),35.630117,139.550116,29290,29994,29994
東京都,中野新橋,東京メトロ丸ノ内線(中野坂上－方南町),35.692252,139.67402,20596,20823,20884
埼玉県,丸山,ニューシャトル,35.979553,139.624428,2854,2774,2802
埼玉県,丹荘,ＪＲ八高線(高麗川－高崎),36.216852,139.102265,0,0,0
東京都,乃木坂,東京メトロ千代田線(綾瀬－代々木上原),35.666394,139.726239,42733,43434,42374
東京都,久が原,東急池上線,35.579819,139.685357,16516,16637,16512
千葉県,久住,ＪＲ成田線(千葉－銚子),35.832387,140.33893,0,0,0
埼玉県,久喜,東武伊勢崎線(東武動物公園－伊勢崎),36.065684,139.677614,124118,124520,123570
神奈川県,久地,ＪＲ南武線(川崎－立川),35.610536,139.592558,27898,28648,28648
千葉県,久我原,いすみ鉄道,35.250114,140.247825,6,3,6
東京都,久我山,京王井の頭線,35.687778,139.599721,40261,40722,40879
千葉県,久留里,ＪＲ久留里線,35.295829,140.075782,828,818,818
東京都,久米川,西武新宿線,35.75002,139.472006,32758,32882,32638
神奈川県,久里浜,ＪＲ横須賀線,35.233051,139.701316,13368,12910,12910
東京都,九品仏,東急大井町線,35.605399,139.661025,13281,13404,13337
東京都,九段下,都営地下鉄新宿線,35.695474,139.751485,288085,297089,292436
千葉県,九重,ＪＲ内房線,34.997635,139.911143,0,0,0
東京都,亀戸,東武亀戸線,35.697587,139.82609,141693,143616,143553
東京都,亀戸水神,東武亀戸線,35.700281,139.8337,4074,4245,4352
東京都,亀有,ＪＲ常磐線各駅停車,35.766552,139.847474,83202,85708,85708
東京都,二俣尾,ＪＲ青梅線,35.804454,139.215636,0,0,0
神奈川県,二俣川,相鉄いずみ野線,35.463301,139.532041,78524,82853,82602
千葉県,二俣新町,ＪＲ京葉線,35.691285,139.959468,9208,9614,9614
千葉県,二和向台,新京成線,35.753973,140.023515,17799,17677,17446
神奈川県,二子新地,東急大井町線,35.607121,139.622417,21609,21866,21734
東京都,二子玉川,東急田園都市線,35.612009,139.627277,162989,165421,163140
神奈川県,二宮,ＪＲ東海道本線(東京－熱海),35.298758,139.257794,27446,26928,26928
東京都,二重橋前,東京メトロ千代田線(綾瀬－代々木上原),35.680421,139.761624,34898,37093,41352
千葉県,五井,小湊鉄道,35.513306,140.089632,38671,78106,39053
東京都,五反田,都営地下鉄浅草線,35.626288,139.724297,455659,469334,468629
東京都,五反野,東武スカイツリーライン(浅草－東武動物公園),35.766079,139.80931,36439,36779,36756
神奈川県,五月台,小田急多摩線,35.600119,139.49365,10218,10234,10192
神奈川県,五百羅漢,伊豆箱根鉄道大雄山線,35.275121,139.155692,1462,1472,1442
千葉県,五香,新京成線,35.797385,139.965768,30125,30037,29725
東京都,井の頭公園,京王井の頭線,35.697499,139.582721,7042,6921,6814
神奈川県,井土ケ谷,京急本線,35.433917,139.600926,0,0,0
神奈川県,井細田,伊豆箱根鉄道大雄山線,35.269149,139.157471,3453,3479,3481
東京都,井荻,西武新宿線,35.724525,139.614661,20174,20299,19818
千葉県,井野,山万ユーカリが丘線(女子大－公園),35.732894,140.148617,370,388,334
神奈川県,京急久里浜,京急久里浜線,35.231468,139.702177,44003,43422,42350
神奈川県,京急大津,京急本線,35.260992,139.695399,5102,5043,4943
神奈川県,京急富岡,京急本線,35.367063,139.629872,22843,22410,21764
神奈川県,京急川崎,京急本線,35.532825,139.700941,129351,131920,132524
神奈川県,京急新子安,京急本線,35.487078,139.655559,8517,8596,8399
神奈川県,京急田浦,京急本線,35.300876,139.625542,12838,12971,12986
東京都,京急蒲田,京急本線,35.560794,139.723771,61746,64280,65123
神奈川県,京急長沢,京急久里浜線,35.205303,139.674098,7289,7396,7232
神奈川県,京急鶴見,京急本線,35.507272,139.678111,32705,33460,33348
東京都,京成上野,京成本線,35.711196,139.773427,49028,50818,50235
千葉県,京成中山,京成本線,35.716726,139.944912,3787,3779,3766
千葉県,京成佐倉,京成本線,35.725175,140.229722,18789,18793,18305
千葉県,京成八幡,京成本線,35.723863,139.928081,35584,36280,36364
千葉県,京成千葉,京成千葉線,35.611684,140.114292,28197,29174,29464
千葉県,京成大久保,京成本線,35.685953,140.0486,34705,35043,35157
千葉県,京成大和田,京成本線,35.712007,140.108011,12487,12584,12638
東京都,京成小岩,京成本線,35.742055,139.883888,18151,18673,18803
千葉県,京成幕張,京成千葉線,35.660955,140.055683,8206,8373,8497
千葉県,京成幕張本郷,京成千葉線,35.672649,140.042101,16297,16608,16835
千葉県,京成成田,京成本線,35.776726,140.315657,36924,37742,36905
東京都,京成曳舟,京成押上線,35.718029,139.819645,18962,19341,19791
千葉県,京成津田沼,京成本線,35.683648,140.024463,59560,60416,60394
千葉県,京成稲毛,京成千葉線,35.637764,140.085516,6998,7064,7136
東京都,京成立石,京成押上線,35.738278,139.848614,38856,39477,39010
千葉県,京成臼井,京成本線,35.729923,140.180753,20639,20392,19787
千葉県,京成船橋,京成本線,35.700173,139.985577,94507,94318,93281
千葉県,京成西船,京成本線,35.711532,139.958967,10686,11037,10934
千葉県,京成酒々井,京成本線,35.736896,140.270162,6807,6858,6713
東京都,京成金町,京成金町線,35.768469,139.8705,25881,25681,25352
東京都,京成関屋,京成本線,35.743998,139.811561,25279,25583,25614
東京都,京成高砂,京成本線,35.750943,139.866945,104223,106281,106481
東京都,京橋,東京メトロ銀座線,35.67681,139.770124,60685,62928,63693
東京都,京王よみうりランド,京王相模原線,35.632866,139.516785,13694,14233,13687
東京都,京王八王子,京王線,35.658222,139.342938,59375,59486,58124
東京都,京王堀之内,京王相模原線,35.624448,139.400323,32268,32879,32280
東京都,京王多摩センター,京王相模原線,35.625171,139.424322,87411,90216,90353
東京都,京王多摩川,京王相模原線,35.644782,139.537061,17686,17701,17021
東京都,京王永山,京王相模原線,35.63031,139.448264,46433,46781,46013
東京都,京王片倉,京王高尾線,35.644362,139.337355,4936,5069,5054
神奈川県,京王稲田堤,京王相模原線,35.633894,139.531118,55181,56968,57300
東京都,人形町,東京メトロ日比谷線,35.686365,139.782233,134755,139908,136309
埼玉県,今羽,ニューシャトル,35.950056,139.61954,5135,5226,5330
埼玉県,仏子,西武池袋線(池袋－飯能),35.837869,139.360039,11272,11156,10879
東京都,仙川,京王線,35.662309,139.584917,81630,82535,82714
東京都,代々木,ＪＲ山手線,35.683058,139.702045,177012,179716,179242
東京都,代々木上原,小田急小田原線,35.66906,139.679687,262708,276210,283238
東京都,代々木八幡,小田急小田原線,35.669477,139.688603,20527,20386,20580
東京都,代々木公園,東京メトロ千代田線(綾瀬－代々木上原),35.66906,139.689853,28031,28807,29250
東京都,代官山,東急東横線,35.64809,139.703186,32148,31899,31241
東京都,代田橋,京王線,35.670947,139.658827,20123,20300,20131
千葉県,仲ノ町,銚子電鉄,35.72874,140.8337,22,28,23
東京都,仲御徒町,東京メトロ日比谷線,35.70664,139.776121,42267,43101,43271
神奈川県,仲木戸,京急本線,35.477274,139.634393,0,0,0
神奈川県,仲町台,横浜市営地下鉄ブルーライン,35.535184,139.589868,32205,33507,33642
神奈川県,伊勢佐木長者町,横浜市営地下鉄ブルーライン,35.441,139.632618,16373,16950,16734
神奈川県,伊勢原,小田急小田原線,35.396027,139.313508,52516,52773,51705
埼玉県,伊奈中央,ニューシャトル,35.999328,139.617205,2079,2169,2234
東京都,住吉,都営地下鉄新宿線,35.688782,139.815591,101283,103614,105015
千葉県,佐倉,ＪＲ成田線(千葉－銚子),35.709703,140.226084,20096,20498,20498
千葉県,佐原,ＪＲ成田線(千葉－銚子),35.894549,140.494053,6266,6390,6390
千葉県,佐貫町,ＪＲ内房線,35.260578,139.876078,522,448,448
千葉県,作草部,千葉都市モノレール２号線,35.625655,140.115292,3857,4004,3996
神奈川県,保土ケ谷,ＪＲ湘南新宿ライン,35.446721,139.59962,0,0,0
千葉県,保田,ＪＲ内房線,35.141007,139.838393,546,500,500
東京都,保谷,西武池袋線(池袋－飯能),35.748327,139.567554,62076,63043,63372
東京都,信濃町,ＪＲ中央本線(東京－塩尻),35.680087,139.720238,50682,52516,52516
千葉県,俵田,ＪＲ久留里線,35.314493,140.061422,0,0,0
千葉県,倉橋,ＪＲ総武本線,35.738042,140.714514,0,0,0
神奈川県,倉見,ＪＲ相模線,35.394917,139.378503,0,0,0
神奈川県,元住吉,東急東横線,35.564292,139.654028,66509,67992,67853
埼玉県,元加治,西武池袋線(池袋－飯能),35.840535,139.345734,7012,7120,7035
千葉県,元山,新京成線,35.790329,139.975629,18458,18364,18159
神奈川県,元町・中華街,みなとみらい線,35.442417,139.650422,62659,64569,63291
東京都,光が丘,都営地下鉄大江戸線,35.758494,139.628465,62937,63584,63120
千葉県,光風台,小湊鉄道,35.439536,140.114106,334,319,319
埼玉県,児玉,ＪＲ八高線(高麗川－高崎),36.192633,139.135847,682,746,746
埼玉県,入曽,西武新宿線,35.832482,139.427284,18346,18088,17764
神奈川県,入生田,箱根登山鉄道(小田原－箱根湯本),35.240679,139.121031,1074,1047,990
神奈川県,入谷,ＪＲ相模線,35.47852,139.391831,33644,35426,36129
埼玉県,入間市,西武池袋線(池袋－飯能),35.84198,139.389536,34574,34263,33713
東京都,八丁堀,ＪＲ京葉線,35.674588,139.777706,178268,188505,189074
神奈川県,八丁畷,京急本線,35.522992,139.691387,18801,38892,19575
千葉県,八千代中央,東葉高速鉄道,35.727866,140.104065,23575,23944,23967
千葉県,八千代台,京成本線,35.701425,140.090873,46843,46867,45975
千葉県,八千代緑が丘,東葉高速鉄道,35.728726,140.072429,38893,40433,41010
東京都,八坂,西武多摩湖線,35.745131,139.46745,5964,6095,6171
千葉県,八幡宿,ＪＲ内房線,35.536331,140.120073,23784,23704,23704
東京都,八幡山,京王線,35.669892,139.615748,43260,43959,43346
東京都,八広,京成押上線,35.727223,139.828283,11993,12440,12678
千葉県,八日市場,ＪＲ総武本線,35.699266,140.552141,3914,3668,3668
神奈川県,八景島,横浜シーサイドライン,35.3409,139.640816,4784,4938,4770
埼玉県,八木崎,東武アーバンパークライン(大宮－柏),35.978361,139.741806,10811,10662,10646
千葉県,八柱,新京成線,35.79144,139.937605,45578,45631,45332
埼玉県,八潮,つくばエクスプレス,35.807798,139.844973,44400,47400,49100
東京都,八王子,ＪＲ中央線快速,35.655639,139.338966,170186,170006,170006
東京都,八王子みなみ野,ＪＲ横浜線,35.631363,139.330967,35982,37442,37442
千葉県,八積,ＪＲ外房線,35.403739,140.345588,1520,1474,1474
千葉県,八街,ＪＲ総武本線,35.663071,140.317661,11920,11644,11644
千葉県,公園,山万ユーカリが丘線(ユーカリが丘－女子大),35.730839,140.153811,212,202,200
神奈川県,公園上,箱根登山ケーブル,35.249037,139.043148,141,133,96
神奈川県,公園下,箱根登山ケーブル,35.249899,139.045647,80,185,65
千葉県,公津の杜,京成本線,35.760477,140.295132,12602,13490,14034
神奈川県,六会日大前,小田急江ノ島線,35.383558,139.470828,30453,30392,29802
千葉県,六実,東武アーバンパークライン(柏－船橋),35.793691,139.999099,15409,15387,14840
東京都,六本木,東京メトロ日比谷線,35.663367,139.731794,235489,242743,231703
東京都,六本木一丁目,東京メトロ南北線,35.665173,139.739016,82823,86306,88958
神奈川県,六浦,京急逗子線,35.322679,139.611514,16260,16188,15934
東京都,六町,つくばエクスプレス,35.784606,139.821781,28600,29500,30100
東京都,六郷土手,京急本線,35.540684,139.707801,15823,16470,16441
埼玉県,内宿,ニューシャトル,36.014022,139.599567,4780,4962,5151
東京都,内幸町,都営地下鉄三田線,35.670172,139.755681,45317,45660,44741
東京都,分倍河原,京王線,35.668556,139.468732,174816,178306,177691
東京都,初台,京王新線,35.681281,139.686519,64347,66016,65172
千葉県,初富,新京成線,35.772082,140.000433,5587,5657,5575
千葉県,初石,東武アーバンパークライン(大宮－柏),35.884068,139.917602,18741,18653,18609
千葉県,前原,新京成線,35.700729,140.027601,8932,9362,9578
埼玉県,加茂宮,ニューシャトル,35.935613,139.616652,5586,5820,6051
埼玉県,加須,東武伊勢崎線(東武動物公園－伊勢崎),36.122981,139.595729,13789,13728,13569
千葉県,動物公園,千葉都市モノレール２号線,35.642682,140.12554,1461,1419,1430
東京都,勝どき,都営地下鉄大江戸線,35.659341,139.777624,102315,102086,108147
千葉県,勝浦,ＪＲ外房線,35.153042,140.312936,2194,2142,2142
千葉県,勝田台,京成本線,35.715424,140.126314,53800,54008,52882
埼玉県,北上尾,ＪＲ高崎線,35.985635,139.577236,30990,31568,31568
埼玉県,北与野,ＪＲ埼京線,35.890813,139.62868,18692,20596,20596
神奈川県,北久里浜,京急久里浜線,35.249105,139.686344,26595,26105,25627
東京都,北八王子,ＪＲ八高線(八王子－高麗川),35.669332,139.363491,18196,19322,19322
千葉県,北初富,新京成線,35.777026,139.991906,5225,5345,5351
東京都,北千住,東京メトロ千代田線(綾瀬－代々木上原),35.749609,139.805118,1274544,1296803,1294209
東京都,北千束,東急大井町線,35.606316,139.693216,7078,7225,7268
東京都,北参道,東京メトロ副都心線,35.678504,139.705407,23969,24355,24879
東京都,北品川,京急本線,35.622482,139.739378,9612,9697,9538
千葉県,北国分,北総鉄道北総線,35.762804,139.914469,8161,8415,8356
埼玉県,北坂戸,東武東上線,35.972189,139.396808,20196,20126,20020
埼玉県,北大宮,東武アーバンパークライン(大宮－柏),35.917143,139.624735,6282,6285,6321
千葉県,北小金,ＪＲ常磐線各駅停車,35.833408,139.931297,48646,49176,49176
神奈川県,北山田,横浜市営地下鉄グリーンライン,35.561014,139.592644,28125,28649,28444
東京都,北府中,ＪＲ武蔵野線,35.680777,139.471815,30272,30552,30552
埼玉県,北戸田,ＪＲ埼京線,35.827515,139.660237,41120,44040,44040
神奈川県,北新横浜,横浜市営地下鉄ブルーライン,35.519075,139.612922,12536,12793,12471
埼玉県,北春日部,東武スカイツリーライン(浅草－東武動物公園),35.990637,139.744,10461,10413,10406
埼玉県,北朝霞,ＪＲ武蔵野線,35.815403,139.587188,140290,141768,141768
埼玉県,北本,ＪＲ高崎線,36.031601,139.533988,38334,37914,37914
千葉県,北松戸,ＪＲ常磐線各駅停車,35.80055,139.911828,42486,43432,43432
千葉県,北柏,ＪＲ常磐線各駅停車,35.875598,139.98804,38766,38546,38546
東京都,北池袋,東武東上線,35.741275,139.716764,9902,10102,10036
埼玉県,北浦和,ＪＲ京浜東北線,35.872149,139.646208,104660,106264,106264
東京都,北綾瀬,東京メトロ千代田線(綾瀬－北綾瀬),35.776968,139.832086,30869,33383,37943
千葉県,北習志野,東葉高速鉄道,35.721394,140.04221,86434,87086,86446
神奈川県,北茅ケ崎,ＪＲ相模線,35.339118,139.407613,0,0,0
東京都,北赤羽,ＪＲ埼京線,35.786687,139.706207,37698,38092,38092
埼玉県,北越谷,東武スカイツリーライン(浅草－東武動物公園),35.902036,139.779917,53828,53868,53007
東京都,北野,京王高尾線,35.644417,139.35466,23011,23099,23006
神奈川県,北鎌倉,ＪＲ横須賀線,35.337176,139.545158,17994,18030,18030
埼玉県,北鴻巣,ＪＲ高崎線,36.085567,139.477046,14746,14548,14548
千葉県,十二橋,ＪＲ鹿島線,35.917409,140.54577,0,0,0
神奈川県,十日市場,ＪＲ横浜線,35.526266,139.516596,42138,41710,41730
東京都,十条,ＪＲ埼京線,35.760551,139.722179,73188,74220,74220
東京都,千住大橋,京成本線,35.742388,139.796673,15385,15882,16198
千葉県,千倉,ＪＲ内房線,34.976694,139.954502,756,704,704
千葉県,千城台,千葉都市モノレール２号線,35.622379,140.188564,8310,8246,8175
千葉県,千城台北,千葉都市モノレール２号線,35.627517,140.182092,2051,2081,2092
東京都,千川,東京メトロ有楽町線,35.738191,139.689321,39140,40022,40617
千葉県,千歳,ＪＲ内房線,34.991609,139.966528,0,0,0
東京都,千歳烏山,京王線,35.668197,139.601138,82167,83666,83257
東京都,千歳船橋,小田急小田原線,35.647338,139.624082,58019,60091,60683
東京都,千石,都営地下鉄三田線,35.727999,139.744707,31936,31373,30729
千葉県,千葉,ＪＲ中央・総武線各駅停車,35.612685,140.113987,235798,242681,243042
千葉県,千葉みなと,ＪＲ京葉線,35.606879,140.102682,49260,50641,51028
千葉県,千葉ニュータウン中央,北総鉄道北総線,35.800247,140.116228,24587,24117,23899
千葉県,千葉中央,京成千原線,35.607324,140.117819,17861,18322,18321
千葉県,千葉公園,千葉都市モノレール２号線,35.619711,140.117958,1905,1904,1885
千葉県,千葉寺,京成千原線,35.590298,140.132236,4907,4872,4907
東京都,千駄ケ谷,ＪＲ中央本線(東京－塩尻),35.681198,139.711489,0,0,0
東京都,千駄木,東京メトロ千代田線(綾瀬－代々木上原),35.725666,139.76326,29107,29567,29659
東京都,千鳥町,東急池上線,35.572959,139.691524,16130,16483,16646
東京都,半蔵門,東京メトロ半蔵門線,35.685365,139.741736,89961,92264,91881
神奈川県,南万騎が原,相鉄いずみ野線,35.452469,139.526487,11381,11561,11731
千葉県,南三原,ＪＲ内房線,35.021023,139.97922,1002,962,962
埼玉県,南与野,ＪＲ埼京線,35.867427,139.631209,35324,37516,37516
東京都,南千住,ＪＲ常磐線快速,35.732944,139.799008,74742,77938,78285
埼玉県,南古谷,ＪＲ川越線,35.903226,139.51944,16532,16754,16754
東京都,南多摩,ＪＲ南武線(川崎－立川),35.64928,139.489898,14090,13568,13568
埼玉県,南大塚,西武新宿線,35.889782,139.454307,16561,16861,16937
東京都,南大沢,京王相模原線,35.614116,139.380076,64366,64285,63422
神奈川県,南太田,京急本線,35.436889,139.613453,17625,17699,17523
東京都,南平,京王線,35.654556,139.392017,10739,10799,10722
東京都,南新宿,小田急小田原線,35.683447,139.698545,4024,4023,3977
神奈川県,南林間,小田急江ノ島線,35.495713,139.448019,33976,34386,34021
千葉県,南柏,ＪＲ常磐線各駅停車,35.844602,139.954267,64878,65778,65778
埼玉県,南栗橋,東武日光線,36.11318,139.712886,8825,8858,8843
埼玉県,南桜井,東武アーバンパークライン(大宮－柏),35.980445,139.807995,14881,14692,14515
神奈川県,南橋本,ＪＲ相模線,35.580147,139.35251,11044,11188,11188
千葉県,南流山,ＪＲ武蔵野線,35.83849,139.903439,138360,144008,145008
埼玉県,南浦和,ＪＲ武蔵野線,35.847679,139.669152,118062,120778,120778
東京都,南町田,東急田園都市線,35.511378,139.470767,0,0,0
東京都,南砂町,東京メトロ東西線,35.668785,139.830675,61001,61597,60969
埼玉県,南羽生,東武伊勢崎線(東武動物公園－伊勢崎),36.149979,139.556231,3853,3858,3793
千葉県,南船橋,ＪＲ京葉線(西船橋－南船橋),35.682008,139.995465,42988,45616,45616
千葉県,南行徳,東京メトロ東西線,35.672952,139.902252,54278,54692,53769
埼玉県,南越谷,ＪＲ武蔵野線,35.875984,139.791224,148382,151524,151524
神奈川県,南部市場,横浜シーサイドライン,35.380145,139.633148,2814,2796,3044
千葉県,南酒々井,ＪＲ総武本線,35.7044,140.268192,0,0,0
東京都,南阿佐ケ谷,東京メトロ丸ノ内線(池袋－荻窪),35.699444,139.635606,0,0,0
埼玉県,南鳩ケ谷,埼玉高速鉄道,35.816545,139.736231,0,0,0
千葉県,印旛日本医大,北総鉄道北総線,35.78739,140.203694,4412,4612,4813
千葉県,印西牧の原,北総鉄道北総線,35.803637,140.167001,13713,14410,15124
神奈川県,厚木,ＪＲ相模線,35.443301,139.378444,35163,68354,34015
東京都,原宿,ＪＲ山手線,35.671282,139.702907,152168,150682,150682
埼玉県,原市,ニューシャトル,35.963805,139.62215,2801,2941,3116
神奈川県,原当麻,ＪＲ相模線,35.529097,139.375246,9648,10328,10328
千葉県,原木中山,東京メトロ東西線,35.703032,139.941691,27342,27641,27467
東京都,参宮橋,小田急小田原線,35.678698,139.693574,15546,15423,14612
神奈川県,反町,東急東横線,35.474691,139.625339,13283,13634,13562
神奈川県,古淵,ＪＲ横浜線,35.555984,139.419269,45538,46036,46036
東京都,古里,ＪＲ青梅線,35.816257,139.152113,0,0,0
東京都,台場,ゆりかもめ,35.626011,139.771515,23436,24687,21421
埼玉県,吉川,ＪＲ武蔵野線,35.876541,139.843442,36164,36346,36346
埼玉県,吉川美南,ＪＲ武蔵野線,35.86807,139.858163,8324,10378,10378
東京都,吉祥寺,京王井の頭線,35.702944,139.579861,430717,435557,434271
埼玉県,吉野原,ニューシャトル,35.956917,139.620706,3529,3569,3566
神奈川県,吉野町,横浜市営地下鉄ブルーライン,35.435416,139.618897,15403,15707,16066
神奈川県,向ケ丘遊園,小田急小田原線,35.617536,139.564838,0,0,0
東京都,向原,都電荒川線,35.729054,139.725125,1460,1460,1460
神奈川県,向河原,ＪＲ南武線(川崎－立川),35.572903,139.667276,25152,25626,25626
千葉県,君ケ浜,銚子電鉄,35.713964,140.860475,0,0,0
千葉県,君津,ＪＲ内房線,35.333627,139.895185,16552,16502,16502
埼玉県,吹上,ＪＲ高崎線,36.103232,139.453158,18412,18062,18062
埼玉県,吾野,西武秩父線,35.908471,139.226713,676,664,617
埼玉県,和光市,東京メトロ副都心線,35.788434,139.612354,176577,179724,180819
埼玉県,和戸,東武伊勢崎線(東武動物公園－伊勢崎),36.040242,139.700612,4073,4170,4102
東京都,和泉多摩川,小田急小田原線,35.627257,139.573642,15934,15831,15751
神奈川県,和田塚,江ノ島電鉄,35.313595,139.545325,1340,1375,1275
神奈川県,和田河原,伊豆箱根鉄道大雄山線,35.316004,139.118111,3162,3190,3065
千葉県,和田浦,ＪＲ内房線,35.041827,140.019549,0,0,0
神奈川県,和田町,相鉄本線,35.463803,139.586593,18116,18231,18017
埼玉県,和銅黒谷,秩父鉄道,36.046787,139.101578,418,427,423
東京都,品川,ＪＲ東海道本線(東京－熱海),35.62851,139.73874,1028462,1055080,1131514
東京都,品川シーサイド,東京臨海高速鉄道りんかい線,35.609623,139.749851,46200,47000,48462
東京都,唐木田,小田急多摩線,35.615838,139.411129,19277,17544,17207
神奈川県,善行,小田急江ノ島線,35.362783,139.473246,26968,27070,27011
東京都,喜多見,小田急小田原線,35.636673,139.587112,34306,34418,34207
東京都,四ツ木,京成押上線,35.731889,139.834977,15737,16553,16982
東京都,四ツ谷,ＪＲ中央本線(東京－塩尻),35.686004,139.730654,316176,324244,324670
千葉県,四街道,ＪＲ総武本線,35.662985,140.165591,44264,44524,44524
東京都,四谷三丁目,東京メトロ丸ノ内線(池袋－荻窪),35.687809,139.719683,46732,47091,47014
東京都,国会議事堂前,東京メトロ丸ノ内線(池袋－荻窪),35.674338,139.744848,41233,44039,43239
東京都,国分寺,西武多摩湖線,35.700247,139.480257,342600,346857,344532
千葉県,国吉,いすみ鉄道,35.280418,140.313958,140,132,95
千葉県,国府台,京成本線,35.73639,139.90297,12710,13131,13201
神奈川県,国府津,ＪＲ御殿場線,35.280815,139.212938,12134,12000,12000
東京都,国立,ＪＲ中央線快速,35.699135,139.4464,107424,108098,108098
東京都,国立競技場,都営地下鉄大江戸線,35.679893,139.714295,10366,10307,10764
神奈川県,国道,ＪＲ鶴見線(鶴見－扇町),35.500745,139.675695,0,0,0
東京都,国際展示場,東京臨海高速鉄道りんかい線,35.635065,139.79229,69100,67500,59392
東京都,国際展示場正門,ゆりかもめ,35.630177,139.791513,0,0,0
東京都,国領,京王線,35.650253,139.558615,39097,39159,38713
埼玉県,土呂,ＪＲ宇都宮線,35.931725,139.632207,30380,31542,31542
千葉県,土気,ＪＲ外房線,35.530862,140.269728,27106,26670,26670
東京都,地下鉄成増,東京メトロ副都心線,35.776548,139.631547,52212,53402,53700
東京都,地下鉄赤塚,東京メトロ有楽町線,35.76977,139.644101,38051,39634,40635
千葉県,地区センター,山万ユーカリが丘線(ユーカリが丘－女子大),35.72595,140.1552,260,258,265
埼玉県,坂戸,東武越生線,35.95708,139.393947,28748,29391,29107
千葉県,城見ケ丘,いすみ鉄道,35.29161,140.252324,0,0,0
神奈川県,堀ノ内,京急本線,35.263131,139.686927,12395,12312,12254
東京都,堀切,東武スカイツリーライン(浅草－東武動物公園),35.742943,139.817756,4406,4469,4498
東京都,堀切菖蒲園,京成本線,35.747637,139.827532,22019,22639,22589
神奈川県,塔ノ沢,箱根登山鉄道(箱根湯本－強羅),35.234485,139.093977,110,111,88
神奈川県,塚原,伊豆箱根鉄道大雄山線,35.301255,139.126861,2333,2327,2240
千葉県,塚田,東武アーバンパークライン(柏－船橋),35.722003,139.982825,15821,16182,16203
千葉県,増尾,東武アーバンパークライン(柏－船橋),35.829575,139.976766,13386,13350,13089
千葉県,外川,銚子電鉄,35.699243,140.857337,104,132,145
東京都,外苑前,東京メトロ銀座線,35.670311,139.717656,82616,82897,82336
東京都,多摩センター,多摩モノレール,35.623783,139.422933,18342,18550,37449
東京都,多摩動物公園,多摩モノレール,35.649057,139.404516,7845,7781,8381
東京都,多摩境,京王相模原線,35.601839,139.366966,20487,20587,20530
東京都,多摩川,東急多摩川線,35.589763,139.668858,22856,22368,17935
東京都,多磨,西武多摩川線,35.677251,139.5172,13903,13971,13757
東京都,多磨霊園,京王線,35.666084,139.503118,12818,13084,13046
東京都,大久保,ＪＲ中央・総武線各駅停車,35.700724,139.697378,52840,56700,56700
東京都,大井町,東急大井町線,35.607123,139.734574,437329,444975,443295
東京都,大井競馬場前,東京モノレール羽田空港線,35.595041,139.747101,10975,11075,11361
千葉県,大佐倉,京成本線,35.730118,140.251081,371,401,402
神奈川県,大倉山,東急東横線,35.521992,139.629865,55635,55734,55464
千葉県,大原,ＪＲ外房線,35.251062,140.390925,3581,3407,3365
神奈川県,大口,ＪＲ横浜線,35.492134,139.646142,36822,37634,37634
神奈川県,大和,相鉄本線,35.469688,139.461409,231729,233247,234796
埼玉県,大和田,東武アーバンパークライン(大宮－柏),35.929337,139.6504,19883,20038,20003
東京都,大塚,ＪＲ山手線,35.731775,139.728124,113406,117852,117852
東京都,大塚・帝京大学,多摩モノレール,35.636837,139.416544,3863,3860,7475
東京都,大塚駅前,都電荒川線,35.731637,139.729347,7990,7990,7990
千葉県,大多喜,いすみ鉄道,35.286499,140.243852,250,253,226
埼玉県,大宮公園,東武アーバンパークライン(大宮－柏),35.923504,139.632179,10132,9970,9772
東京都,大山,東武東上線,35.74844,139.702681,51813,52407,52049
東京都,大岡山,東急目黒線,35.607511,139.685633,51332,51937,51126
東京都,大島,都営地下鉄新宿線,35.689894,139.835673,33113,34348,34111
東京都,大崎,ＪＲ湘南新宿ライン,35.619899,139.728185,321640,346272,346272
東京都,大崎広小路,東急池上線,35.622677,139.722741,8421,8537,8633
神奈川県,大川,ＪＲ鶴見線(安善－大川),35.495523,139.711109,0,0,0
東京都,大師前,東武大師線,35.778855,139.781507,14170,14112,13982
神奈川県,大平台,箱根登山鉄道(箱根湯本－強羅),35.238622,139.073952,325,308,219
千葉県,大戸,ＪＲ成田線(千葉－銚子),35.890272,140.45839,0,0,0
東京都,大手町,東京メトロ千代田線(綾瀬－代々木上原),35.685726,139.764291,443410,464380,476682
東京都,大森,ＪＲ京浜東北線,35.588375,139.727936,190378,193944,193944
千葉県,大森台,京成千原線,35.584133,140.149402,2824,2855,2936
東京都,大森海岸,京急本線,35.587681,139.735464,14642,16185,16501
東京都,大森町,京急本線,35.572571,139.732103,21415,22276,22573
東京都,大泉学園,西武池袋線(池袋－飯能),35.749522,139.586552,87981,88104,87359
神奈川県,大涌谷,箱根ロープウェイ,35.244315,139.019984,0,0,0
千葉県,大町,北総鉄道北総線,35.774887,139.972852,1683,1691,1704
神奈川県,大磯,ＪＲ東海道本線(東京－熱海),35.311202,139.313512,16102,16472,16472
千葉県,大神宮下,京成本線,35.694006,139.99141,4789,4910,5071
千葉県,大網,ＪＲ東金線,35.522725,140.311085,21202,20638,20638
神奈川県,大船,ＪＲ根岸線,35.353813,139.531241,225511,228326,227526
埼玉県,大袋,東武スカイツリーライン(浅草－東武動物公園),35.924145,139.777972,18424,18591,18687
千葉県,大貫,ＪＲ内房線,35.290992,139.855634,2254,2092,2092
埼玉県,大野原,秩父鉄道,36.018678,139.093997,1168,1127,1088
東京都,大門,都営地下鉄大江戸線,35.656645,139.754626,241127,247661,251030
神奈川県,大雄山,伊豆箱根鉄道大雄山線,35.319114,139.10364,5135,5132,4986
東京都,大鳥居,京急空港線,35.552407,139.739993,30551,30345,28927
埼玉県,大麻生,秩父鉄道,36.144614,139.331861,283,233,237
千葉県,天台,千葉都市モノレール２号線,35.631627,140.112792,3914,4355,4379
千葉県,天王台,ＪＲ常磐線快速,35.872544,140.040926,38902,39004,39004
東京都,天王洲アイル,東京モノレール羽田空港線,35.621844,139.750961,70403,74845,76333
神奈川県,天王町,相鉄本線,35.453943,139.60262,27081,27303,27313
東京都,天空橋,京急空港線,35.548184,139.754186,31253,33615,33849
千葉県,太東,ＪＲ外房線,35.319915,140.381089,1022,976,976
千葉県,太海,ＪＲ内房線,35.081824,140.096262,134,126,0
東京都,奥多摩,ＪＲ青梅線,35.809174,139.096701,1858,1868,1868
東京都,奥沢,東急目黒線,35.603844,139.671968,14198,14312,14010
千葉県,女子大,山万ユーカリが丘線(ユーカリが丘－女子大),35.738116,140.1552,244,293,282
千葉県,妙典,東京メトロ東西線,35.691006,139.924277,51537,52953,53009
神奈川県,妙蓮寺,東急東横線,35.498465,139.633171,25680,26089,26102
千葉県,姉ケ崎,ＪＲ内房線,35.478614,140.041749,0,0,0
神奈川県,姥子,箱根ロープウェイ,35.244537,139.005984,0,0,0
埼玉県,姫宮,東武スカイツリーライン(浅草－東武動物公園),36.004081,139.738833,5467,5411,5215
神奈川県,子安,京急本線,35.48494,139.645642,7740,7852,7775
千葉県,学園前,京成千原線,35.560802,140.158457,4976,5204,5418
東京都,学習院下,都電荒川線,35.716278,139.712349,1716,1716,1716
東京都,学芸大学,東急東横線,35.628842,139.685299,77864,78251,77850
神奈川県,安善,ＪＲ鶴見線(安善－大川),35.499661,139.701249,0,0,0
千葉県,安房勝山,ＪＲ内房線,35.113705,139.833339,662,574,574
千葉県,安房天津,ＪＲ外房線,35.125459,140.154505,266,264,0
千葉県,安房小湊,ＪＲ外房線,35.128571,140.190364,406,384,384
千葉県,安房鴨川,ＪＲ外房線,35.107571,140.103816,2688,2670,2670
神奈川県,安針塚,京急本線,35.286739,139.642957,4872,4807,4671
千葉県,安食,ＪＲ成田線(我孫子－成田),35.83569,140.242077,5522,5064,5064
千葉県,宗吾参道,京成本線,35.752644,140.281022,2628,2721,2757
東京都,宝町,都営地下鉄浅草線,35.675644,139.772068,30176,32242,32982
千葉県,実籾,京成本線,35.686925,140.068432,24514,24631,24299
東京都,宮の坂,東急世田谷線,35.647812,139.644968,4563,4812,4807
神奈川県,宮ノ下,箱根登山鉄道(箱根湯本－強羅),35.242012,139.062952,829,615,379
東京都,宮ノ前,都電荒川線,35.750164,139.765121,3101,3101,3101
東京都,宮ノ平,ＪＲ青梅線,35.787345,139.236885,0,0,0
神奈川県,宮前平,東急田園都市線,35.584928,139.581921,51787,52527,51907
埼玉県,宮原,ＪＲ高崎線,35.940252,139.609569,46848,48558,48558
神奈川県,宮山,ＪＲ相模線,35.38228,139.379725,0,0,0
神奈川県,宮崎台,東急田園都市線,35.587317,139.591365,50138,50499,50176
神奈川県,宿河原,ＪＲ南武線(川崎－立川),35.615286,139.579448,16050,16446,16446
埼玉県,寄居,秩父鉄道,36.117892,139.194512,7523,22428,7302
神奈川県,富士フイルム前,伊豆箱根鉄道大雄山線,35.317809,139.109444,1342,1343,1309
東京都,富士見ケ丘,京王井の頭線,35.684834,139.607081,0,0,0
東京都,富士見台,西武池袋線(池袋－飯能),35.735913,139.629994,27386,27884,27936
神奈川県,富士見町,湘南モノレール,35.345258,139.529298,4092,4397,4150
神奈川県,富水,小田急小田原線,35.296174,139.145553,6849,6808,6796
千葉県,富浦,ＪＲ内房線,35.045268,139.837813,458,406,406
神奈川県,寒川,ＪＲ相模線,35.367559,139.387474,13842,13876,13876
東京都,小伝馬町,東京メトロ日比谷線,35.690309,139.778789,39847,41304,41132
東京都,小作,ＪＲ青梅線,35.776291,139.301935,34134,32594,32594
千葉県,小倉台,千葉都市モノレール２号線,35.627739,140.171925,3038,3120,3120
埼玉県,小前田,秩父鉄道,36.128919,139.222398,1141,1097,1045
東京都,小台,都電荒川線,35.750442,139.761592,3186,3186,3186
千葉県,小室,北総鉄道北総線,35.786915,140.076148,3900,3984,4033
東京都,小宮,ＪＲ八高線(八王子－高麗川),35.685469,139.368795,6372,6100,6100
東京都,小岩,ＪＲ総武本線,35.732946,139.881695,130408,132960,132960
神奈川県,小島新田,京急大師線,35.534714,139.747688,21740,22453,22743
東京都,小川,西武拝島線,35.737493,139.463562,29615,30215,29859
東京都,小川町,都営地下鉄新宿線,35.695225,139.76715,83552,96030,85514
東京都,小平,西武新宿線,35.737105,139.4882,39461,39464,38780
埼玉県,小手指,西武池袋線(池袋－飯能),35.800569,139.438006,49161,49193,48781
神奈川県,小机,ＪＲ横浜線,35.50852,139.600062,20904,20776,20776
東京都,小村井,東武亀戸線,35.710113,139.828034,11247,11556,11693
千葉県,小林,ＪＲ成田線(我孫子－成田),35.830884,140.192998,3982,3932,3932
千葉県,小櫃,ＪＲ久留里線,35.328352,140.05992,0,0,0
神奈川県,小涌谷,箱根登山鉄道(箱根湯本－強羅),35.240288,139.053231,635,530,382
神奈川県,小田原,ＪＲ東海道本線(東京－熱海),35.2564,139.154916,153534,217871,169567
東京都,小田急多摩センター,小田急多摩線,35.62506,139.424599,50319,51318,51315
東京都,小田急永山,小田急多摩線,35.62981,139.448235,31203,31338,31056
神奈川県,小田急相模原,小田急小田原線,35.515127,139.422604,56568,57597,57496
神奈川県,小田栄,ＪＲ南武線(尻手－浜川崎),35.514418,139.70508,0,0,0
東京都,小竹向原,西武有楽町線,35.743329,139.679489,319389,375160,339614
東京都,小菅,東武スカイツリーライン(浅草－東武動物公園),35.758941,139.812866,5830,6003,6177
千葉県,小見川,ＪＲ成田線(千葉－銚子),35.850111,140.604657,2588,2450,2450
千葉県,小谷松,いすみ鉄道,35.268974,140.251186,6,3,3
千葉県,小金城趾,流鉄流山線,35.835991,139.916992,1560,1654,1721
神奈川県,尻手,ＪＲ南武線(尻手－浜川崎),35.531046,139.684387,28484,29774,29774
東京都,尾久,ＪＲ宇都宮線,35.746774,139.753844,18084,20000,20000
東京都,尾山台,東急大井町線,35.606871,139.654081,30551,30921,30594
神奈川県,屏風浦,京急本線,35.394587,139.610205,17942,18335,18233
東京都,山下,東急世田谷線,35.653894,139.646579,8875,9360,9349
神奈川県,山北,ＪＲ御殿場線,35.360666,139.08039,0,0,1115
神奈川県,山手,ＪＲ根岸線,35.427446,139.6462,34682,35184,35184
東京都,山田,京王高尾線,35.644334,139.321135,5303,5242,5231
埼玉県,岡部,ＪＲ高崎線,36.205883,139.237644,6494,6302,6302
千葉県,岩井,ＪＲ内房線,35.092569,139.849671,570,526,526
神奈川県,岩原,伊豆箱根鉄道大雄山線,35.298756,139.128888,1603,1538,1493
東京都,岩本町,都営地下鉄新宿線,35.69553,139.775039,53741,55325,55446
埼玉県,岩槻,東武アーバンパークライン(大宮－柏),35.950085,139.692923,36915,37052,36935
神奈川県,岸根公園,横浜市営地下鉄ブルーライン,35.495744,139.616812,11672,11530,11884
千葉県,巌根,ＪＲ内房線,35.414286,139.93326,3602,3510,3510
東京都,川井,ＪＲ青梅線,35.813824,139.164028,0,0,0
埼玉県,川口,ＪＲ京浜東北線,35.80188,139.717566,166040,169062,169062
埼玉県,川口元郷,埼玉高速鉄道,35.800158,139.730121,19300,20400,20800
神奈川県,川和町,横浜市営地下鉄グリーンライン,35.528517,139.549316,8348,8511,8480
神奈川県,川崎,ＪＲ京浜東北線,35.531408,139.696886,418960,429202,429202
神奈川県,川崎大師,京急大師線,35.535714,139.725994,17729,18050,18231
神奈川県,川崎新町,ＪＲ南武線(尻手－浜川崎),35.518131,139.699247,4522,5640,5640
埼玉県,川角,東武越生線,35.937553,139.346841,15663,15264,14584
埼玉県,川越,東武東上線,35.906975,139.482915,203225,203572,201598
埼玉県,川越市,東武東上線,35.914141,139.477387,44676,47163,47600
千葉県,川間,東武アーバンパークライン(大宮－柏),35.979168,139.833855,17286,17328,17065
東京都,巣鴨,都営地下鉄三田線,35.73347,139.739346,250427,250245,248965
東京都,巣鴨新田,都電荒川線,35.735192,139.727735,1180,1180,1180
神奈川県,市が尾,東急田園都市線,35.551431,139.541454,44170,44373,43403
東京都,市ケ谷,ＪＲ中央・総武線各駅停車,35.691003,139.735598,0,0,0
東京都,市場前,ゆりかもめ,35.645731,139.785679,2583,7902,11393
神奈川県,市大医学部,横浜シーサイドライン,35.343872,139.650121,11102,11364,11397
千葉県,市川,ＪＲ総武本線,35.729279,139.907804,121116,122836,122836
千葉県,市川塩浜,ＪＲ京葉線,35.666565,139.923723,15512,16272,16272
千葉県,市川大野,ＪＲ武蔵野線,35.755138,139.951576,23536,23962,23962
千葉県,市川真間,京成本線,35.731362,139.911609,7418,7443,7258
千葉県,市役所前,千葉都市モノレール１号線,35.607269,140.107987,4643,4969,5185
千葉県,布佐,ＪＲ成田線(我孫子－成田),35.849076,140.133085,6760,6658,6658
東京都,布田,京王線,35.649865,139.551865,16629,16792,16784
神奈川県,希望ケ丘,相鉄本線,35.460357,139.51371,0,0,0
千葉県,常盤平,新京成線,35.803411,139.949852,18934,18874,18988
千葉県,幕張,ＪＲ総武本線,35.659373,140.057961,31460,32176,32176
千葉県,幕張本郷,ＪＲ中央・総武線各駅停車,35.672788,140.04224,56594,59592,59592
東京都,幡ケ谷,京王新線,35.677115,139.67652,0,0,0
千葉県,干潟,ＪＲ総武本線,35.718293,140.602913,1948,1730,1730
東京都,平井,ＪＲ総武本線,35.706447,139.842755,65478,67358,67358
東京都,平和台,東京メトロ有楽町線,35.757688,139.654379,46480,47169,47003
東京都,平和島,京急本線,35.578793,139.734964,47873,48608,48639
神奈川県,平塚,ＪＲ東海道本線(東京－熱海),35.327896,139.350591,123688,123614,123614
千葉県,平山,ＪＲ久留里線,35.274303,140.064867,0,0,0
東京都,平山城址公園,京王線,35.647529,139.380352,8707,8562,8402
神奈川県,平沼橋,相鉄本線,35.459886,139.616535,8445,8768,8926
神奈川県,平間,ＪＲ南武線(川崎－立川),35.561016,139.671053,28688,29558,29558
埼玉県,幸手,東武日光線,36.074545,139.714859,14003,13717,13574
神奈川県,幸浦,横浜シーサイドライン,35.358398,139.643621,5640,5748,5617
千葉県,幸谷,流鉄流山線,35.826547,139.919966,4589,4565,4533
東京都,広尾,東京メトロ日比谷線,35.651257,139.722268,63049,63171,62588
東京都,庚申塚,都電荒川線,35.739609,139.729846,2450,2450,2450
東京都,府中,京王線,35.672222,139.480453,90224,90316,88769
東京都,府中本町,ＪＲ南武線(川崎－立川),35.666195,139.477204,34642,34978,34978
東京都,府中競馬正門前,京王競馬場線,35.668334,139.485148,3175,3229,2922
神奈川県,座間,小田急小田原線,35.480685,139.399941,21449,21200,20833
神奈川県,弁天橋,ＪＲ鶴見線(鶴見－扇町),35.495967,139.689777,0,0,0
神奈川県,弘明寺,横浜市営地下鉄ブルーライン,35.422862,139.602066,50408,50508,49941
神奈川県,弥生台,相鉄いずみ野線,35.429721,139.506712,15048,15123,15055
神奈川県,強羅,箱根登山鉄道(箱根湯本－強羅),35.250899,139.048259,11396,6279,4549
神奈川県,彫刻の森,箱根登山鉄道(箱根湯本－強羅),35.246677,139.050759,849,829,636
埼玉県,影森,秩父鉄道(西武秩父－影森),35.971989,139.068251,473,493,472
東京都,後楽園,東京メトロ丸ノ内線(池袋－荻窪),35.70739,139.751791,105720,107378,106481
千葉県,御宿,ＪＲ外房線,35.188012,140.351986,1198,1128,1128
東京都,御岳山,御岳登山鉄道御岳山ケーブル,35.789593,139.153475,713,730,576
東京都,御嶽,ＪＲ青梅線,35.801425,139.182916,0,0,0
東京都,御嶽山,東急池上線,35.585263,139.682413,26865,27422,27248
東京都,御徒町,ＪＲ京浜東北線,35.707391,139.774844,133950,141074,141074
東京都,御成門,都営地下鉄三田線,35.661007,139.751403,46629,49149,52228
埼玉県,御花畑,西武秩父線(横瀬－御花畑),35.992431,139.083777,2761,2660,2578
東京都,御茶ノ水,ＪＲ中央本線(東京－塩尻),35.699835,139.76379,269125,271833,271061
埼玉県,志久,ニューシャトル,35.990969,139.62226,4030,4021,3926
埼玉県,志木,東武東上線,35.822236,139.575216,105247,105694,104698
東京都,志村三丁目,都営地下鉄三田線,35.777521,139.686264,32427,32385,32536
東京都,志村坂上,都営地下鉄三田線,35.776298,139.694875,31211,31301,30924
千葉県,志津,京成本線,35.717452,140.145007,16270,16036,15716
東京都,志茂,東京メトロ南北線,35.777826,139.732788,12425,12583,13794
東京都,恋ケ窪,西武国分寺線,35.71094,139.464175,0,0,0
神奈川県,恩田,こどもの国線,35.545569,139.492097,843,854,827
東京都,恵比寿,ＪＲ湘南新宿ライン,35.646841,139.709297,406056,415337,413194
千葉県,愛宕,東武アーバンパークライン(大宮－柏),35.950144,139.864826,9747,9900,9928
神奈川県,愛甲石田,小田急小田原線,35.417664,139.344087,53371,54476,54602
東京都,成城学園前,小田急小田原線,35.640173,139.598945,89468,89856,88692
東京都,成増,東武東上線,35.777575,139.632935,59640,59738,58587
千葉県,成東,ＪＲ総武本線,35.608385,140.410851,5780,5692,5692
東京都,成瀬,ＪＲ横浜線,35.535348,139.472794,37916,38366,38366
千葉県,成田,ＪＲ成田線(成田－成田空港),35.777837,140.314102,31126,32394,32394
千葉県,成田湯川,京成成田スカイアクセス線,35.799612,140.291186,1431,1476,1526
千葉県,成田空港,京成本線,35.766006,140.386457,38741,42244,42547
千葉県,我孫子,ＪＲ常磐線快速,35.872627,140.010789,61732,63168,63168
神奈川県,戸塚,ＪＲ東海道本線(東京－熱海),35.400475,139.534323,312159,315345,314048
埼玉県,戸塚安行,埼玉高速鉄道,35.858763,139.753728,15000,16000,16400
埼玉県,戸田,ＪＲ埼京線,35.817655,139.669597,38778,41822,41822
埼玉県,戸田公園,ＪＲ埼京線,35.808045,139.678042,68258,69888,69888
東京都,戸越,都営地下鉄浅草線,35.614316,139.716186,21786,22384,22712
東京都,戸越公園,東急大井町線,35.608789,139.718075,14268,13718,13681
東京都,戸越銀座,東急池上線,35.615983,139.714964,20635,20860,20468
神奈川県,戸部,京急本線,35.456748,139.619534,16011,16337,16841
埼玉県,所沢,西武池袋線(池袋－飯能),35.786544,139.473338,102732,104984,102368
東京都,扇大橋,日暮里・舎人ライナー,35.763774,139.770814,9565,9874,10144
神奈川県,扇町,ＪＲ鶴見線(鶴見－扇町),35.501356,139.722413,0,0,0
埼玉県,折原,ＪＲ八高線(高麗川－高崎),36.09631,139.195208,0,0,0
東京都,押上,都営地下鉄浅草線,35.710613,139.813313,0,0,0
東京都,拝島,ＪＲ五日市線,35.721132,139.343657,96105,97630,97177
埼玉県,持田,秩父鉄道,36.137672,139.441629,964,938,913
埼玉県,指扇,ＪＲ川越線,35.917142,139.565102,22244,22068,22068
東京都,整備場,東京モノレール羽田空港線,35.555017,139.753519,2472,2601,2336
東京都,新三河島,京成本線,35.737221,139.774037,5977,6032,6031
埼玉県,新三郷,ＪＲ武蔵野線,35.858626,139.869356,31404,32160,32160
東京都,新中野,東京メトロ丸ノ内線(池袋－荻窪),35.697445,139.669492,35626,36122,36488
神奈川県,新丸子,東急東横線,35.580597,139.661943,27287,27569,27539
埼玉県,新井宿,埼玉高速鉄道,35.842931,139.738174,11000,11500,11700
東京都,新井薬師前,西武新宿線,35.715777,139.671907,23023,22880,22176
東京都,新代田,京王井の頭線,35.662588,139.660522,9835,9814,9619
千葉県,新八柱,ＪＲ武蔵野線,35.79194,139.938381,48990,49906,49906
千葉県,新千葉,京成千葉線,35.612434,140.108265,1829,1995,2025
埼玉県,新古河,東武日光線,36.192726,139.686913,1794,1725,1631
東京都,新大久保,ＪＲ山手線,35.701028,139.700211,87858,102876,102876
東京都,新大塚,東京メトロ丸ノ内線(池袋－荻窪),35.72611,139.729402,25491,26103,25868
神奈川県,新大津,京急久里浜線,35.256798,139.690122,6900,6857,6797
神奈川県,新子安,ＪＲ京浜東北線,35.487051,139.654781,45868,47684,47684
東京都,新宿,小田急小田原線,35.690725,139.699851,3511972,4225110,3265570
東京都,新宿三丁目,東京メトロ副都心線,35.690447,139.705129,236192,242071,239823
東京都,新宿御苑前,東京メトロ丸ノ内線(池袋－荻窪),35.688475,139.710989,52630,54035,54912
東京都,新宿西口,都営地下鉄大江戸線,35.69378,139.699018,59709,62082,61649
東京都,新富町,東京メトロ有楽町線,35.670672,139.773568,41479,40846,43838
東京都,新小岩,ＪＲ中央・総武線各駅停車,35.716779,139.858281,150778,154408,154408
東京都,新小平,ＪＲ武蔵野線,35.730799,139.470506,23018,22978,22978
東京都,新小金井,西武多摩川線,35.695693,139.526281,3780,3966,4041
神奈川県,新川崎,ＪＲ横須賀線,35.551377,139.671748,54528,58814,58814
東京都,新庚申塚,都電荒川線,35.741553,139.73068,2649,2649,2649
埼玉県,新座,ＪＲ武蔵野線,35.803766,139.556247,40540,42008,42008
東京都,新御徒町,つくばエクスプレス,35.706836,139.783177,94481,99511,104512
東京都,新御茶ノ水,東京メトロ千代田線(綾瀬－代々木上原),35.696892,139.765401,97514,98366,96949
埼玉県,新所沢,西武新宿線,35.806763,139.456116,55627,55856,54822
東京都,新整備場,東京モノレール羽田空港線,35.542797,139.787323,4508,4910,5248
東京都,新日本橋,ＪＲ総武線快速,35.688921,139.774012,36614,38658,38658
千葉県,新木,ＪＲ成田線(我孫子－成田),35.862352,140.106948,5874,5816,5816
東京都,新木場,東京メトロ有楽町線,35.646148,139.827425,327437,337994,335513
神奈川県,新杉田,ＪＲ根岸線,35.38681,139.619511,111004,109540,108932
千葉県,新松戸,ＪＲ武蔵野線,35.825436,139.921216,76876,78650,78650
神奈川県,新松田,小田急小田原線,35.345085,139.139885,24238,24088,22946
東京都,新板橋,都営地下鉄三田線,35.748801,139.719486,30711,30973,30233
千葉県,新柏,東武アーバンパークライン(柏－船橋),35.838463,139.966571,20337,20433,20417
東京都,新柴又,北総鉄道北総線,35.751359,139.880333,4544,4688,4862
東京都,新桜台,西武有楽町線,35.74133,139.669018,9228,9532,9923
千葉県,新検見川,ＪＲ中央・総武線各駅停車,35.651818,140.07296,46010,46092,46092
神奈川県,新横浜,ＪＲ横浜線,35.50741,139.617644,196770,205554,269903
東京都,新橋,都営地下鉄浅草線,35.666562,139.758181,958018,986926,974351
東京都,新江古田,都営地下鉄大江戸線,35.732664,139.67013,28035,28824,30008
埼玉県,新河岸,東武東上線,35.890643,139.497275,24912,25808,25833
千葉県,新津田沼,新京成線,35.690202,140.023796,69577,69491,68731
千葉県,新浦安,ＪＲ京葉線,35.649649,139.912918,111458,114516,114516
埼玉県,新狭山,西武新宿線,35.873977,139.433503,21442,21055,20559
埼玉県,新田,東武スカイツリーライン(浅草－東武動物公園),35.853875,139.795724,31697,31606,31295
千葉県,新田野,いすみ鉄道,35.27603,140.328317,12,17,14
埼玉県,新白岡,ＪＲ宇都宮線,36.038714,139.672115,13706,14020,14020
神奈川県,新百合ケ丘,小田急多摩線,35.60373,139.507537,0,0,0
東京都,新秋津,ＪＲ武蔵野線,35.77785,139.493392,77166,77820,77820
神奈川県,新羽,横浜市営地下鉄ブルーライン,35.527407,139.612088,21164,21668,21430
千葉県,新習志野,ＪＲ京葉線,35.667426,140.012964,27050,27122,27122
千葉県,新船橋,東武アーバンパークライン(柏－船橋),35.711338,139.979799,13544,13870,13943
神奈川県,新芝浦,ＪＲ鶴見線(浅野－海芝浦),35.491635,139.700249,0,0,0
千葉県,新茂原,ＪＲ外房線,35.449538,140.300007,2452,2466,2466
東京都,新豊洲,ゆりかもめ,35.648786,139.790123,3924,6642,6796
埼玉県,新越谷,東武スカイツリーライン(浅草－東武動物公園),35.875178,139.789918,152540,153304,151316
神奈川県,新逗子,京急逗子線,35.294736,139.580546,0,0,0
埼玉県,新郷,秩父鉄道,36.171197,139.510511,303,300,305
千葉県,新鎌ケ谷,京成成田スカイアクセス線,35.779609,139.998989,0,0,0
東京都,新馬場,京急本線,35.617594,139.741379,16867,16667,16979
東京都,新高円寺,東京メトロ丸ノ内線(池袋－荻窪),35.69775,139.648299,37291,38161,38044
神奈川県,新高島,みなとみらい線,35.461859,139.626535,6082,6290,7039
東京都,新高島平,都営地下鉄三田線,35.790046,139.654516,10025,9997,10000
東京都,方南町,東京メトロ丸ノ内線(中野坂上－方南町),35.683446,139.657494,37224,38064,39769
東京都,旗の台,東急池上線,35.604817,139.702521,40242,40633,40276
東京都,日の出,ゆりかもめ,35.649064,139.759015,2282,2425,2322
神奈川県,日ノ出町,京急本線,35.445583,139.62684,28391,28814,28487
神奈川県,日吉,横浜市営地下鉄グリーンライン,35.553043,139.646778,287255,292981,291209
神奈川県,日吉本町,横浜市営地下鉄グリーンライン,35.549905,139.633474,16102,16562,16738
千葉県,日向,ＪＲ総武本線,35.628354,140.362798,2066,1848,1848
東京都,日向和田,ＪＲ青梅線,35.787928,139.230025,0,0,0
東京都,日暮里,日暮里・舎人ライナー,35.728777,139.771232,376082,388405,388107
神奈川県,日本大通り,みなとみらい線,35.446861,139.642367,25938,27335,27025
東京都,日本橋,東京メトロ銀座線,35.681838,139.774568,286703,296715,301576
東京都,日比谷,都営地下鉄三田線,35.675172,139.759847,191799,213471,212430
埼玉県,日進,ＪＲ川越線,35.931558,139.60618,26894,27380,27380
東京都,日野,ＪＲ中央線快速,35.679248,139.393987,54624,54514,54514
神奈川県,早川,ＪＲ東海道本線(東京－熱海),35.239068,139.14539,2710,2704,2704
東京都,早稲田,東京メトロ東西線,35.705667,139.722237,85549,85862,84463
神奈川県,早雲山,箱根ロープウェイ,35.246399,139.035593,4363,4260,2663
千葉県,旭,ＪＲ総武本線,35.721821,140.655131,3632,3580,3580
東京都,明大前,京王線,35.668365,139.650412,108231,110244,110961
埼玉県,明戸,秩父鉄道,36.142919,139.303252,284,302,286
東京都,明治神宮前,東京メトロ副都心線,35.668505,139.70513,105537,109528,111354
埼玉県,明覚,ＪＲ八高線(高麗川－高崎),36.003295,139.288787,0,0,0
神奈川県,星川,相鉄本線,35.458052,139.59537,29444,28829,28302
東京都,春日,都営地下鉄大江戸線,35.708779,139.753179,127727,130481,131857
埼玉県,春日部,東武アーバンパークライン(大宮－柏),35.97975,139.752361,72856,72186,71071
神奈川県,昭和,ＪＲ鶴見線(鶴見－扇町),35.506495,139.724024,0,0,0
東京都,昭和島,東京モノレール羽田空港線,35.570461,139.749853,6236,6488,6569
東京都,昭島,ＪＲ青梅線,35.713549,139.360906,52636,52516,52516
東京都,是政,西武多摩川線,35.656307,139.488786,7902,7830,7838
東京都,曙橋,都営地下鉄新宿線,35.692308,139.722571,38039,39127,39245
東京都,曳舟,東武スカイツリーライン(浅草－東武動物公園),35.718363,139.816701,27559,28623,29498
東京都,月島,都営地下鉄大江戸線,35.664479,139.784568,147741,151498,152577
千葉県,月崎,小湊鉄道,35.302051,140.139471,12,15,15
東京都,有明,ゆりかもめ,35.634343,139.793457,5061,5781,5818
東京都,有明テニスの森,ゆりかもめ,35.639898,139.789013,3942,4164,5022
東京都,有楽町,東京メトロ有楽町線,35.67545,139.762624,513478,523373,523003
埼玉県,朝霞,東武東上線,35.7971,139.600188,68891,69753,69779
埼玉県,朝霞台,東武東上線,35.814625,139.586855,163056,162963,161762
千葉県,木下,ＪＲ成田線(我孫子－成田),35.838938,140.148418,4180,4148,4148
東京都,木場,東京メトロ東西線,35.669367,139.80676,77101,78116,77866
千葉県,木更津,ＪＲ内房線,35.381595,139.926236,27792,27692,27692
東京都,末広町,東京メトロ銀座線,35.702724,139.771789,24743,25626,26689
千葉県,本八幡,ＪＲ中央・総武線各駅停車,35.72092,139.927192,196193,200720,201492
千葉県,本千葉,ＪＲ外房線,35.601075,140.121042,21596,23210,23210
神奈川県,本厚木,小田急小田原線,35.439357,139.364307,153190,154698,151791
埼玉県,本川越,西武新宿線,35.914113,139.481387,52603,53880,53230
埼玉県,本庄,ＪＲ高崎線,36.236129,139.188619,20630,19944,19944
埼玉県,本庄早稲田,ＪＲ北陸新幹線,36.218992,139.179315,4340,4556,4556
東京都,本所吾妻橋,都営地下鉄浅草線,35.708502,139.804313,19111,19361,19630
千葉県,本納,ＪＲ外房線,35.482118,140.307421,3348,3280,3280
東京都,本蓮沼,都営地下鉄三田線,35.768799,139.702209,24960,25738,26019
東京都,本郷三丁目,東京メトロ丸ノ内線(池袋－荻窪),35.707113,139.759984,78578,79506,78941
神奈川県,本郷台,ＪＲ根岸線,35.367423,139.550295,37486,37546,37546
千葉県,本銚子,銚子電鉄,35.730906,140.847226,56,76,77
東京都,本駒込,東京メトロ南北線,35.724527,139.753761,23338,23531,22933
神奈川県,本鵠沼,小田急江ノ島線,35.331064,139.475303,13632,13892,13938
埼玉県,杉戸高野台,東武日光線,36.051547,139.714638,11939,11785,11512
神奈川県,杉田,京急本線,35.383534,139.615872,34651,34511,33761
千葉県,村上,東葉高速鉄道,35.723645,140.118426,5875,5952,6030
東京都,東あずま,東武亀戸線,35.707058,139.831923,7940,8099,8061
千葉県,東中山,京成本線,35.714393,139.952885,6902,6959,6807
東京都,東中神,ＪＲ青梅線,35.706356,139.384487,14210,14378,14378
東京都,東中野,ＪＲ中央本線(東京－塩尻),35.706278,139.683602,109007,110223,110122
東京都,東久留米,西武池袋線(池袋－飯能),35.760298,139.533945,54949,55076,54968
東京都,東京,ＪＲ山手線,35.68131,139.767234,1090666,1152605,1339555
東京都,東京テレポート,東京臨海高速鉄道りんかい線,35.627427,139.778125,63300,66200,67379
千葉県,東京ディズニーシー・ステーション,ディズニーリゾートライン(ベイサイド－リゾートゲートウェイ),35.627401,139.889561,0,0,0
千葉県,東京ディズニーランド・ステーション,ディズニーリゾートライン(リゾートゲートウェイ－ベイサイド),35.636011,139.878728,0,0,0
東京都,東伏見,西武新宿線,35.728662,139.564222,25156,25240,24951
東京都,東北沢,小田急小田原線,35.665504,139.672993,6729,7071,7335
東京都,東十条,ＪＲ京浜東北線,35.76294,139.727706,45966,48540,48540
千葉県,東千葉,ＪＲ総武本線,35.616851,140.122097,4598,5136,5136
東京都,東向島,東武スカイツリーライン(浅草－東武動物公園),35.725029,139.819423,19107,19558,20442
埼玉県,東吾野,西武池袋線(飯能－吾野),35.892084,139.260712,493,475,456
東京都,東大前,東京メトロ南北線,35.717,139.758289,29401,29741,29051
東京都,東大和市,西武拝島線,35.732938,139.43451,26029,25965,25177
埼玉県,東大宮,ＪＲ宇都宮線,35.948723,139.640316,65284,66702,66702
東京都,東大島,都営地下鉄新宿線,35.689755,139.847172,32646,32728,32240
埼玉県,東宮原,ニューシャトル,35.942668,139.618123,4725,4847,4925
東京都,東小金井,ＪＲ中央本線(東京－塩尻),35.701554,139.523754,61004,63106,63106
東京都,東尾久三丁目,都電荒川線,35.745442,139.774009,1563,1563,1563
神奈川県,東山北,ＪＲ御殿場線,35.357694,139.107832,0,0,1681
神奈川県,東山田,横浜市営地下鉄グリーンライン,35.554071,139.604865,10543,10874,10485
埼玉県,東岩槻,東武アーバンパークライン(大宮－柏),35.963335,139.712254,20796,20748,20454
埼玉県,東川口,ＪＲ武蔵野線,35.875233,139.744145,100908,105646,106546
東京都,東府中,京王線,35.669029,139.495229,21342,21787,21274
千葉県,東成田,芝山鉄道,35.770061,140.387262,1723,1822,1796
千葉県,東我孫子,ＪＲ成田線(我孫子－成田),35.868933,140.047564,0,0,0
神奈川県,東戸塚,ＪＲ横須賀線,35.430472,139.556763,116800,118658,118658
埼玉県,東所沢,ＪＲ武蔵野線,35.794599,139.513806,30836,31064,31064
東京都,東新宿,東京メトロ副都心線,35.69878,139.707628,83255,86126,85761
東京都,東日本橋,都営地下鉄浅草線,35.69217,139.784844,83290,85113,84888
東京都,東村山,西武西武園線,35.760491,139.46584,49492,49488,48934
東京都,東松原,京王井の頭線,35.662643,139.655661,18751,18670,18499
埼玉県,東松山,東武東上線,36.034849,139.401721,29485,29365,28778
千葉県,東松戸,ＪＲ武蔵野線,35.770443,139.943994,57711,60552,60744
神奈川県,東林間,小田急江ノ島線,35.520488,139.438909,21779,22101,22006
千葉県,東横田,ＪＲ久留里線,35.386235,140.036448,0,0,0
埼玉県,東武動物公園,東武スカイツリーライン(浅草－東武動物公園),36.024856,139.726694,32463,32289,31354
埼玉県,東武竹沢,東武東上線,36.07548,139.237566,768,757,877
東京都,東武練馬,東武東上線,35.768604,139.661878,60646,61196,60574
埼玉県,東毛呂,東武越生線,35.946884,139.315399,5675,5729,5637
東京都,東池袋,東京メトロ有楽町線,35.72586,139.718986,44044,44462,44120
東京都,東池袋四丁目,都電荒川線,35.725444,139.720403,3743,3743,3743
埼玉県,東浦和,ＪＲ武蔵野線,35.864122,139.704647,56744,58078,58078
千葉県,東浪見,ＪＲ外房線,35.347106,140.376699,0,0,0
神奈川県,東海大学前,小田急小田原線,35.373139,139.271262,40950,39974,38909
千葉県,東海神,東葉高速鉄道,35.705867,139.980577,8083,8396,8531
千葉県,東清川,ＪＲ久留里線,35.390011,139.985814,0,0,0
神奈川県,東白楽,東急東横線,35.483189,139.629561,14190,14781,15031
神奈川県,東神奈川,ＪＲ横浜線,35.477885,139.633339,71968,74756,74756
東京都,東福生,ＪＲ八高線(八王子－高麗川),35.745823,139.335878,0,0,0
東京都,東秋留,ＪＲ五日市線,35.725908,139.310909,9598,9438,9438
千葉県,東総元,いすみ鉄道,35.259474,140.247603,3,3,3
千葉県,東船橋,ＪＲ中央・総武線各駅停車,35.699839,140.004436,38888,40464,40464
千葉県,東葉勝田台,東葉高速鉄道,35.715895,140.125759,31391,31927,31911
埼玉県,東行田,秩父鉄道,36.147477,139.468293,2362,2388,2352
神奈川県,東逗子,ＪＲ横須賀線,35.298653,139.601127,10248,10140,10140
千葉県,東金,ＪＲ東金線,35.56025,140.363607,8578,8476,8476
東京都,東銀座,都営地下鉄浅草線,35.669617,139.767069,174228,178001,178581
東京都,東長崎,西武池袋線(池袋－飯能),35.730192,139.683017,28089,28018,27613
神奈川県,東門前,京急大師線,35.536602,139.734327,12616,13016,13062
東京都,東陽町,東京メトロ東西線,35.669618,139.817731,126363,124790,122629
東京都,東雲,東京臨海高速鉄道りんかい線,35.640732,139.804012,13700,14400,14673
東京都,東青梅,ＪＲ青梅線,35.7899,139.272326,13380,13114,13114
埼玉県,東飯能,西武池袋線(飯能－吾野),35.852672,139.325986,16970,17037,17007
東京都,東高円寺,東京メトロ丸ノ内線(池袋－荻窪),35.697917,139.658298,36043,36410,35987
埼玉県,東鷲宮,ＪＲ宇都宮線,36.089459,139.679223,20198,19932,19932
東京都,松が谷,多摩モノレール,35.631837,139.422099,1208,1280,2713
埼玉県,松久,ＪＲ八高線(高麗川－高崎),36.172969,139.18215,0,0,0
東京都,松原,東急世田谷線,35.660033,139.642023,3550,3744,3740
千葉県,松尾,ＪＲ総武本線,35.635965,140.457679,2002,1878,1878
千葉県,松岸,ＪＲ成田線(千葉－銚子),35.739544,140.795285,1004,914,914
千葉県,松戸,ＪＲ常磐線各駅停車,35.784329,139.900664,307183,305739,305522
千葉県,松戸新田,新京成線,35.790661,139.922439,6497,6668,6681
神奈川県,松田,ＪＲ御殿場線,35.346863,139.137414,0,0,6470
東京都,松陰神社前,東急世田谷線,35.643979,139.655274,10867,11462,11448
千葉県,松飛台,北総鉄道北総線,35.775081,139.95752,5116,5218,5185
東京都,板橋,ＪＲ埼京線,35.746024,139.719569,67044,68910,68910
東京都,板橋区役所前,都営地下鉄三田線,35.751246,139.710264,34647,35198,35277
東京都,板橋本町,都営地下鉄三田線,35.76105,139.705653,34846,35670,36282
千葉県,柏,ＪＲ常磐線,35.8621,139.970932,395238,400695,400105
千葉県,柏たなか,つくばエクスプレス,35.910706,139.957597,9800,11700,13600
千葉県,柏の葉キャンパス,つくばエクスプレス,35.89293,139.952321,33000,34400,36100
神奈川県,柳小路,江ノ島電鉄,35.327343,139.485219,2657,2772,2714
埼玉県,柳瀬川,東武東上線,35.830679,139.562022,20787,20540,20264
埼玉県,柳生,東武日光線,36.206641,139.659553,1471,1392,1196
東京都,柴又,京成金町線,35.756665,139.8755,10050,9742,9631
東京都,柴崎,京王線,35.65417,139.566835,18153,18114,18042
東京都,柴崎体育館,多摩モノレール,35.689803,139.40932,2200,2245,4361
神奈川県,柿生,小田急小田原線,35.589815,139.497955,37504,38270,37634
東京都,栄町,都電荒川線,35.750997,139.742345,1328,1347,1377
神奈川県,栗平,小田急多摩線,35.605979,139.480928,23268,24124,24606
埼玉県,栗橋,東武日光線,36.136788,139.694219,36131,36895,36704
神奈川県,栢山,小田急小田原線,35.310339,139.14272,9112,8921,8589
神奈川県,根岸,ＪＲ根岸線,35.41578,139.635063,43622,43896,43896
神奈川県,根府川,ＪＲ東海道本線(東京－熱海),35.202712,139.138503,0,0,0
東京都,根津,東京メトロ千代田線(綾瀬－代々木上原),35.717417,139.76565,28598,29196,29579
神奈川県,桃源台,箱根ロープウェイ,35.237844,138.994596,0,0,0
神奈川県,桜ケ丘,小田急江ノ島線,35.450469,139.465632,0,0,0
東京都,桜上水,京王線,35.667559,139.631913,39110,38792,38001
東京都,桜台,西武池袋線(池袋－飯能),35.738691,139.662379,14491,15087,14889
東京都,桜新町,東急田園都市線,35.631674,139.645219,72687,73447,73288
千葉県,桜木,千葉都市モノレール２号線,35.63135,140.161066,3593,3582,3621
神奈川県,桜木町,横浜市営地下鉄ブルーライン,35.450194,139.630979,178396,181244,181551
埼玉県,桜沢,秩父鉄道,36.128668,139.208232,896,917,907
東京都,桜田門,東京メトロ有楽町線,35.677421,139.752097,13114,13207,13456
東京都,桜街道,多摩モノレール,35.73877,139.416678,3586,3593,7063
埼玉県,桶川,ＪＲ高崎線,35.9988,139.564042,52354,52968,52968
東京都,梅ケ丘,小田急小田原線,35.655922,139.653634,0,0,0
東京都,梅屋敷,京急本線,35.566793,139.728188,15879,16438,16504
東京都,梅島,東武スカイツリーライン(浅草－東武動物公園),35.772579,139.797644,34093,35343,36020
千葉県,梅郷,東武アーバンパークライン(大宮－柏),35.931313,139.891268,17269,17375,17015
神奈川県,梶が谷,東急田園都市線,35.593789,139.605697,39880,39939,39850
東京都,梶原,都電荒川線,35.750997,139.7479,2628,2628,2628
東京都,森下,都営地下鉄大江戸線,35.687976,139.798148,147061,150925,151356
埼玉県,森林公園,東武東上線,36.045236,139.374944,14499,14541,14284
東京都,椎名町,西武池袋線(池袋－飯能),35.726442,139.695016,19985,20723,20649
千葉県,椎柴,ＪＲ成田線(千葉－銚子),35.765319,140.758815,0,0,0
千葉県,検見川,京成千葉線,35.652623,140.066322,4022,4043,4050
千葉県,検見川浜,ＪＲ京葉線,35.637126,140.059212,30890,31368,31368
神奈川県,極楽寺,江ノ島電鉄,35.309068,139.528438,1890,1878,1764
千葉県,榎戸,ＪＲ総武本線,35.684069,140.288136,4350,4166,4166
埼玉県,樋口,秩父鉄道,36.130972,139.122739,239,241,219
神奈川県,横浜,横浜市営地下鉄ブルーライン,35.46547,139.621257,2285430,2481105,2101709
埼玉県,横瀬,西武秩父線,35.985544,139.097831,1811,1711,1712
千葉県,横田,ＪＲ久留里線,35.386068,140.020311,400,358,358
千葉県,横芝,ＪＲ総武本線,35.661741,140.491258,2820,2782,2782
神奈川県,横須賀,ＪＲ横須賀線,35.284101,139.655901,10842,10480,10480
神奈川県,横須賀中央,京急本線,35.27849,139.67065,67293,67300,68092
神奈川県,橋本,京王相模原線,35.594895,139.34433,227969,231110,230358
埼玉県,正丸,西武秩父線,35.9383,139.182105,236,219,194
埼玉県,武川,秩父鉄道,36.142224,139.281698,940,951,947
埼玉県,武州中川,秩父鉄道,35.958295,139.035393,264,235,241
埼玉県,武州唐沢,東武越生線,35.95194,139.309316,3056,3047,2978
埼玉県,武州日野,秩父鉄道,35.953851,139.022089,211,201,204
埼玉県,武州荒木,秩父鉄道,36.162531,139.488652,370,370,354
埼玉県,武州長瀬,東武越生線,35.941941,139.325704,4496,4461,4353
神奈川県,武蔵中原,ＪＲ南武線(川崎－立川),35.581124,139.641471,69818,70120,70120
東京都,武蔵五日市,ＪＲ五日市線,35.73224,139.228083,8854,8752,8752
東京都,武蔵境,西武多摩川線,35.701998,139.543947,165827,168901,168824
東京都,武蔵増戸,ＪＲ五日市線,35.730852,139.255914,5206,5168,5168
東京都,武蔵大和,西武多摩湖線,35.756185,139.444175,7529,7428,7389
東京都,武蔵小山,東急目黒線,35.620398,139.704409,53186,53952,53193
神奈川県,武蔵小杉,ＪＲ横須賀線,35.575736,139.659665,481621,487536,484760
東京都,武蔵小金井,ＪＲ中央本線(東京－塩尻),35.701109,139.506338,122070,125156,125156
埼玉県,武蔵嵐山,東武東上線,36.044374,139.327893,7597,7650,7287
東京都,武蔵引田,ＪＲ五日市線,35.729768,139.270245,6598,6204,6204
神奈川県,武蔵新城,ＪＲ南武線(川崎－立川),35.587234,139.629695,71756,74664,74664
東京都,武蔵新田,東急多摩川線,35.56796,139.692162,26259,26788,27182
埼玉県,武蔵横手,西武池袋線(飯能－吾野),35.885391,139.28071,314,294,295
埼玉県,武蔵浦和,ＪＲ武蔵野線,35.845624,139.646654,103698,107926,107926
神奈川県,武蔵溝ノ口,ＪＲ南武線(川崎－立川),35.59901,139.611223,169150,172692,172692
神奈川県,武蔵白石,ＪＲ鶴見線(鶴見－扇町),35.501689,139.705832,0,0,0
東京都,武蔵砂川,西武拝島線,35.72902,139.392236,11897,12203,12255
埼玉県,武蔵藤沢,西武池袋線(池袋－飯能),35.821205,139.41259,24544,24513,24182
東京都,武蔵野台,京王線,35.664196,139.511118,25728,26121,26232
東京都,武蔵関,西武新宿線,35.727524,139.576887,31393,31943,32351
埼玉県,武蔵高萩,ＪＲ川越線,35.901751,139.371479,6558,6752,6752
埼玉県,武里,東武スカイツリーライン(浅草－東武動物公園),35.949032,139.77061,16209,16084,15804
埼玉県,毛呂,ＪＲ八高線(高麗川－高崎),35.940413,139.309288,1438,1430,1430
東京都,水天宮前,東京メトロ半蔵門線,35.683754,139.784567,78360,80533,84016
東京都,水道橋,ＪＲ中央本線(東京－塩尻),35.702057,139.754512,214786,215209,214462
千葉県,水郷,ＪＲ成田線(千葉－銚子),35.886246,140.569797,0,0,0
東京都,氷川台,東京メトロ有楽町線,35.749634,139.665462,40014,40804,41073
埼玉県,永田,秩父鉄道,36.135253,139.259533,2625,2546,2476
東京都,永田町,東京メトロ南北線,35.678421,139.739071,82091,84403,91240
東京都,永福町,京王井の頭線,35.676224,139.642662,33333,33719,33308
千葉県,求名,ＪＲ東金線,35.579832,140.396159,4306,4026,4026
神奈川県,汐入,京急本線,35.280212,139.661928,21588,21514,18162
東京都,汐留,都営地下鉄大江戸線,35.662951,139.760125,63321,64094,62489
神奈川県,江ノ島,江ノ島電鉄,35.310983,139.487581,10208,10614,10097
東京都,江北,日暮里・舎人ライナー,35.773773,139.770397,10177,10503,10912
東京都,江古田,西武池袋線(池袋－飯能),35.737552,139.672823,34629,34021,35267
東京都,江戸川,京成本線,35.737723,139.896222,5800,6185,6264
千葉県,江戸川台,東武アーバンパークライン(大宮－柏),35.897484,139.910352,24425,24345,24035
東京都,江戸川橋,東京メトロ有楽町線,35.709251,139.734041,53135,54473,53897
神奈川県,江田,東急田園都市線,35.558625,139.551508,38331,38024,37417
千葉県,江見,ＪＲ内房線,35.062437,140.061211,140,160,0
東京都,池ノ上,京王井の頭線,35.66045,139.673132,9867,9877,9466
東京都,池上,東急池上線,35.572043,139.703272,36671,36929,36564
東京都,池尻大橋,東急田園都市線,35.650645,139.684577,63855,63346,63364
東京都,池袋,西武池袋線(池袋－飯能),35.729914,139.711154,2659376,2682094,2662632
東京都,沢井,ＪＲ青梅線,35.805786,139.194055,0,0,0
東京都,河辺,ＪＲ青梅線,35.78454,139.284798,27154,27270,27270
埼玉県,沼南,ニューシャトル,35.970998,139.623483,3899,3879,3800
東京都,沼袋,西武新宿線,35.719443,139.663852,20641,20551,20290
東京都,沼部,東急多摩川線,35.582791,139.673108,11149,11058,10877
東京都,泉体育館,多摩モノレール,35.718772,139.419595,3315,3269,6479
東京都,泉岳寺,京急本線,35.638231,139.73985,218883,224434,223574
埼玉県,波久礼,秩父鉄道,36.126723,139.158153,239,227,218
神奈川県,洋光台,ＪＲ根岸線,35.378728,139.596707,41232,40690,40690
東京都,洗足,東急目黒線,35.610427,139.694382,14903,15146,14898
東京都,洗足池,東急池上線,35.599928,139.691411,18917,19202,19124
神奈川県,津久井浜,京急久里浜線,35.198693,139.665849,6568,6432,6299
神奈川県,津田山,ＪＲ南武線(川崎－立川),35.60426,139.600029,7542,7642,7642
千葉県,津田沼,ＪＲ総武本線,35.691286,140.02038,207404,207824,207824
千葉県,流山,流鉄流山線,35.855738,139.901827,2739,2712,2714
千葉県,流山おおたかの森,つくばエクスプレス,35.872098,139.925657,129710,134835,138714
千葉県,流山セントラルパーク,つくばエクスプレス,35.854322,139.915104,9200,10300,10300
東京都,流通センター,東京モノレール羽田空港線,35.581293,139.749297,19316,20225,20525
東京都,浅草,都営地下鉄浅草線,35.710668,139.797647,232657,236226,233027
東京都,浅草橋,都営地下鉄浅草線,35.697447,139.785982,168594,171622,170502
神奈川県,浅野,ＪＲ鶴見線(浅野－海芝浦),35.497467,139.696054,0,0,0
神奈川県,浜川崎,ＪＲ鶴見線(鶴見－扇町),35.51041,139.713497,0,0,0
東京都,浜松町,ＪＲ山手線,35.655452,139.75707,310588,324286,324286
東京都,浜田山,京王井の頭線,35.681613,139.627524,30489,30676,30158
東京都,浜町,都営地下鉄新宿線,35.68856,139.787816,22335,23189,23188
千葉県,浜野,ＪＲ内房線,35.551997,140.132238,14560,15230,15230
千葉県,浜金谷,ＪＲ内房線,35.168087,139.822337,600,550,550
埼玉県,浦和,ＪＲ京浜東北線,35.858484,139.657069,179926,106264,190128
埼玉県,浦和美園,埼玉高速鉄道,35.894037,139.727617,18600,20600,22500
千葉県,浦安,東京メトロ東西線,35.665897,139.893031,82018,83421,82712
埼玉県,浦山口,秩父鉄道,35.96385,139.058336,188,183,148
神奈川県,浦賀,京急本線,35.25191,139.715091,21064,20853,20199
千葉県,浪花,ＪＲ外房線,35.222648,140.379455,0,0,0
東京都,浮間舟渡,ＪＲ埼京線,35.791213,139.691375,42684,44280,44280
神奈川県,海の公園南口,横浜シーサイドライン,35.337206,139.632151,1586,1622,1618
神奈川県,海の公園柴口,横浜シーサイドライン,35.342093,139.6359,2074,2112,2091
千葉県,海士有木,小湊鉄道,35.481698,140.124325,209,196,196
千葉県,海浜幕張,ＪＲ京葉線,35.648262,140.041963,130754,136756,136756
千葉県,海神,京成本線,35.705783,139.972161,5411,5640,5715
神奈川県,海老名,ＪＲ相模線,35.454217,139.389359,299146,305918,303837
神奈川県,海芝浦,ＪＲ鶴見線(浅野－海芝浦),35.485886,139.700249,0,0,0
千葉県,海鹿島,銚子電鉄,35.722186,140.863197,49,71,73
東京都,淡路町,東京メトロ丸ノ内線(池袋－荻窪),35.694892,139.767623,59445,60485,61863
埼玉県,深谷,ＪＲ高崎線,36.191497,139.281001,19902,20236,20236
神奈川県,淵野辺,ＪＲ横浜線,35.56876,139.395076,76536,77846,77846
千葉県,清水公園,東武アーバンパークライン(大宮－柏),35.959253,139.860047,5085,5101,5031
東京都,清滝,高尾登山電鉄高尾登山ケーブル,35.631084,139.266834,3764,3641,3295
東京都,清澄白河,東京メトロ半蔵門線,35.682116,139.798732,97117,100339,102498
東京都,清瀬,西武池袋線(池袋－飯能),35.772102,139.519918,70249,70760,69578
神奈川県,渋沢,小田急小田原線,35.374138,139.184519,28340,28021,27175
東京都,渋谷,京王井の頭線,35.658506,139.701797,2491770,2497806,2704384
神奈川県,港南中央,横浜市営地下鉄ブルーライン,35.401032,139.590846,18499,19042,19627
神奈川県,港南台,ＪＲ根岸線,35.375256,139.576709,64558,64196,64196
神奈川県,港町,京急大師線,35.534964,139.712885,8147,8133,7963
千葉県,湖北,ＪＲ成田線(我孫子－成田),35.86724,140.077784,8256,8232,8232
神奈川県,湘南台,相鉄いずみ野線,35.396196,139.466412,168317,170943,168796
神奈川県,湘南江の島,湘南モノレール,35.311928,139.48783,4395,4466,4479
神奈川県,湘南海岸公園,江ノ島電鉄,35.315288,139.483359,1984,2025,1976
神奈川県,湘南深沢,湘南モノレール,35.332954,139.518827,5545,5726,5586
神奈川県,湘南町屋,湘南モノレール,35.33787,139.522771,6853,7117,6925
東京都,湯島,東京メトロ千代田線(綾瀬－代々木上原),35.706862,139.7699,35880,36786,37549
神奈川県,湯河原,ＪＲ東海道本線(東京－熱海),35.145939,139.102203,11844,11984,11984
東京都,溜池山王,東京メトロ銀座線,35.671839,139.741238,109140,117534,116255
神奈川県,溝の口,東急大井町線,35.599843,139.610529,211801,214233,213508
千葉県,滑河,ＪＲ成田線(千葉－銚子),35.877216,140.348122,1854,1706,1706
千葉県,滝不動,新京成線,35.738086,140.026321,7642,7593,7496
東京都,滝本,御岳登山鉄道御岳山ケーブル,35.796064,139.16128,746,757,576
東京都,滝野川一丁目,都電荒川線,35.747108,139.735401,1610,1610,1610
東京都,潮見,ＪＲ京葉線,35.658702,139.81737,26424,27130,27130
神奈川県,瀬谷,相鉄本線,35.470271,139.482518,44491,44738,44085
東京都,熊川,ＪＲ五日市線,35.728436,139.335407,0,0,0
埼玉県,熊谷,ＪＲ上越新幹線,36.139699,139.389912,72605,72039,72024
東京都,熊野前,都電荒川線,35.749053,139.769565,13455,13645,13600
東京都,片倉,ＪＲ横浜線,35.639695,139.341438,10454,10442,10442
神奈川県,片倉町,横浜市営地下鉄ブルーライン,35.490189,139.606535,22558,23165,21979
神奈川県,片瀬山,湘南モノレール,35.317344,139.496301,3844,3931,3883
神奈川県,片瀬江ノ島,小田急江ノ島線,35.308789,139.483498,20699,21217,19828
東京都,牛浜,ＪＲ青梅線,35.734602,139.333434,9008,9192,9192
東京都,牛田,東武スカイツリーライン(浅草－東武動物公園),35.744387,139.811284,22679,22880,22996
東京都,牛込柳町,都営地下鉄大江戸線,35.699613,139.725126,20596,21158,21251
東京都,牛込神楽坂,都営地下鉄大江戸線,35.700724,139.735403,14841,15237,15243
千葉県,物井,ＪＲ総武本線,35.685706,140.200365,7636,8082,8082
千葉県,犬吠,銚子電鉄,35.706242,140.861004,97,113,103
東京都,狛江,小田急小田原線,35.632145,139.577419,46890,48346,48921
埼玉県,狭山ケ丘,西武池袋線(池袋－飯能),35.810456,139.416757,0,0,0
埼玉県,狭山市,西武新宿線,35.857369,139.413311,41832,41727,41050
東京都,狭間,京王高尾線,35.640556,139.293331,7849,7967,7820
千葉県,猿田,ＪＲ総武本線,35.747292,140.737457,0,0,0
埼玉県,獨協大学前,東武スカイツリーライン(浅草－東武動物公園),35.843182,139.800724,59221,59971,59443
東京都,玉川上水,多摩モノレール,35.731937,139.418261,54383,55137,67112
東京都,玉川学園前,小田急小田原線,35.563317,139.463349,48303,47990,46581
埼玉県,玉淀,東武東上線,36.117086,139.200067,526,544,591
東京都,王子,東京メトロ南北線,35.753219,139.737901,190697,193929,193065
東京都,王子神谷,東京メトロ南北線,35.765328,139.735566,35406,37610,37449
東京都,王子駅前,都電荒川線,35.752941,139.737901,9239,9239,9239
東京都,瑞江,都営地下鉄新宿線,35.693506,139.89789,56546,57142,57071
神奈川県,生田,小田急小田原線,35.615007,139.54234,45813,45765,46037
神奈川県,生麦,京急本線,35.495272,139.667002,29679,29882,29910
神奈川県,産業振興センター,横浜シーサイドライン,35.353426,139.646371,4540,4660,4621
神奈川県,産業道路,京急大師線,35.536602,139.74041,0,0,0
埼玉県,用土,ＪＲ八高線(高麗川－高崎),36.153471,139.200871,0,0,0
東京都,用賀,東急田園都市線,35.626507,139.634026,66948,67710,67550
東京都,田原町,東京メトロ銀座線,35.709918,139.790398,33317,34663,34372
東京都,田園調布,東急東横線,35.596872,139.66733,37175,36902,35914
神奈川県,田奈,東急田園都市線,35.536154,139.504846,11338,11241,11038
神奈川県,田浦,ＪＲ横須賀線,35.292766,139.637541,4608,4556,4556
東京都,田無,西武新宿線,35.727356,139.539251,75645,75996,75418
東京都,田町,ＪＲ京浜東北線,35.64573,139.747544,305248,312728,312728
東京都,田端,ＪＲ山手線,35.738109,139.760733,92482,94880,94880
神奈川県,由比ケ浜,江ノ島電鉄,35.312817,139.54152,0,0,0
東京都,甲州街道,多摩モノレール,35.678221,139.40932,4404,4540,9087
埼玉県,男衾,東武東上線,36.10731,139.234342,1671,1710,1685
東京都,町屋,東京メトロ千代田線(綾瀬－代々木上原),35.741804,139.779898,81962,83571,83797
東京都,町屋二丁目,都電荒川線,35.743776,139.776787,775,775,775
東京都,町屋駅前,都電荒川線,35.742943,139.780675,8555,8555,8555
東京都,町田,小田急小田原線,35.542403,139.445157,517473,518652,514499
神奈川県,番田,ＪＲ相模線,35.545345,139.362941,0,0,0
神奈川県,登戸,ＪＲ南武線(川崎－立川),35.620757,139.569892,325910,332813,333115
東京都,白丸,ＪＲ青梅線,35.811813,139.114782,0,0,0
埼玉県,白久,秩父鉄道,35.958989,138.993231,128,125,117
千葉県,白井,北総鉄道北総線,35.784692,140.053817,10025,9947,9790
東京都,白山,都営地下鉄三田線,35.72136,139.752095,51263,51351,51183
埼玉県,白岡,ＪＲ宇都宮線,36.017411,139.66681,25820,25938,25938
神奈川県,白楽,東急東横線,35.489689,139.627894,45224,44994,44323
東京都,白糸台,西武多摩川線,35.666474,139.509868,6038,6253,6439
東京都,白金台,都営地下鉄三田線,35.637953,139.72624,18193,18086,17677
東京都,白金高輪,都営地下鉄三田線,35.642675,139.734017,42541,43264,42763
神奈川県,百合ケ丘,小田急小田原線,35.609007,139.516176,0,0,0
東京都,百草園,京王線,35.657501,139.430847,7823,7697,7620
埼玉県,的場,ＪＲ川越線,35.91764,139.436084,6086,6112,6112
埼玉県,皆野,秩父鉄道,36.068617,139.093855,1084,1101,1066
東京都,目白,ＪＲ山手線,35.721194,139.706598,75878,76380,76380
神奈川県,目白山下,湘南モノレール,35.314122,139.491524,254,371,293
東京都,目黒,東急目黒線,35.633509,139.715686,497118,516781,517265
東京都,相原,ＪＲ横浜線,35.606921,139.331635,21220,21234,21234
神奈川県,相模原,ＪＲ横浜線,35.581064,139.370995,57986,58504,58504
神奈川県,相模大塚,相鉄本線,35.470466,139.441354,13748,14051,14284
神奈川県,相模大野,小田急小田原線,35.531904,139.437546,130161,130078,127169
神奈川県,相模沼田,伊豆箱根鉄道大雄山線,35.292257,139.133916,2990,2939,2900
神奈川県,相模湖,ＪＲ中央本線(東京－塩尻),35.617195,139.188508,4652,4430,4430
神奈川県,相模金子,ＪＲ御殿場線,35.333752,139.15069,0,0,1017
神奈川県,相武台下,ＪＲ相模線,35.493406,139.386469,0,0,0
神奈川県,相武台前,小田急小田原線,35.499129,139.408412,40359,40372,40324
千葉県,県庁前,千葉都市モノレール１号線,35.603519,140.122181,1671,1771,1807
神奈川県,県立大学,京急本線,35.269741,139.677011,12450,12424,12350
神奈川県,真鶴,ＪＲ東海道本線(東京－熱海),35.156771,139.132505,6752,6596,6596
千葉県,矢切,北総鉄道北総線,35.757082,139.900026,8058,8056,7903
東京都,矢口渡,東急多摩川線,35.562599,139.69994,25541,25908,25588
神奈川県,矢向,ＪＲ南武線(川崎－立川),35.538907,139.680442,36268,37972,37972
東京都,矢川,ＪＲ南武線(川崎－立川),35.68497,139.431957,16152,16694,16694
神奈川県,矢部,ＪＲ横浜線,35.573065,139.386771,25010,24790,24790
東京都,矢野口,ＪＲ南武線(川崎－立川),35.641671,139.520451,20142,20570,20570
神奈川県,石上,江ノ島電鉄,35.332481,139.48558,750,771,739
埼玉県,石原,秩父鉄道,36.14767,139.368996,989,1026,1003
東京都,石川台,東急池上線,35.59704,139.685551,15370,15525,15474
神奈川県,石川町,ＪＲ根岸線,35.438222,139.643173,65144,65404,65404
東京都,石神井公園,西武池袋線(池袋－飯能),35.743745,139.606107,81273,82558,82902
東京都,石神前,ＪＲ青梅線,35.796733,139.225052,0,0,0
東京都,砂川七番,多摩モノレール,35.723216,139.418178,2383,2437,4914
神奈川県,磯子,ＪＲ根岸線,35.399865,139.617927,40320,40564,40564
神奈川県,社家,ＪＲ相模線,35.420748,139.377446,0,0,0
千葉県,祇園,ＪＲ久留里線,35.391511,139.948317,0,0,0
東京都,祐天寺,東急東横線,35.637618,139.691048,31494,31962,32013
東京都,祖師ケ谷大蔵,小田急小田原線,35.6432,139.609305,0,0,0
埼玉県,神保原,ＪＲ高崎線,36.253738,139.149287,5672,5656,5656
東京都,神保町,東京メトロ半蔵門線,35.695725,139.757902,376387,382523,384601
神奈川県,神奈川,京急本線,35.470968,139.62709,4637,4872,4751
神奈川県,神奈川新町,京急本線,35.481468,139.64006,19267,19682,19584
東京都,神楽坂,東京メトロ東西線,35.703807,139.734681,41257,41992,42168
神奈川県,神武寺,京急逗子線,35.306263,139.592794,7087,7028,6808
東京都,神泉,京王井の頭線,35.657228,139.693659,10702,11092,11328
東京都,神田,東京メトロ銀座線,35.692948,139.770956,263400,274211,274502
東京都,神谷町,東京メトロ日比谷線,35.662616,139.745015,99610,102539,106952
千葉県,福俵,ＪＲ東金線,35.545807,140.341388,0,0,0
神奈川県,福浦,横浜シーサイドライン,35.349621,139.648538,3894,4074,4154
東京都,福生,ＪＲ青梅線,35.742351,139.327962,32914,32790,32790
千葉県,秋山,北総鉄道北総線,35.765443,139.931634,7247,7713,7791
東京都,秋川,ＪＲ五日市線,35.728046,139.286689,14444,13380,13380
東京都,秋津,西武池袋線(池袋－飯能),35.778267,139.496808,81309,81556,81168
東京都,秋葉原,つくばエクスプレス,35.69853,139.773095,752174,769655,767662
神奈川県,秦野,小田急小田原線,35.370112,139.225878,43329,42986,42011
埼玉県,秩父,秩父鉄道,35.998764,139.086082,1177,1158,1098
東京都,程久保,多摩モノレール,35.655446,139.410988,846,875,1628
東京都,稲城,京王相模原線,35.636171,139.500203,21346,21596,21522
東京都,稲城長沼,ＪＲ南武線(川崎－立川),35.644226,139.502703,14632,16180,16180
神奈川県,稲村ケ崎,江ノ島電鉄,35.304262,139.522245,0,0,0
千葉県,稲毛,ＪＲ中央・総武線各駅停車,35.637182,140.092542,101028,101356,101356
千葉県,稲毛海岸,ＪＲ京葉線,35.629431,140.073933,43240,43444,43444
神奈川県,稲田堤,ＪＲ南武線(川崎－立川),35.633645,139.535256,52506,52840,52840
埼玉県,稲荷山公園,西武池袋線(池袋－飯能),35.845147,139.398397,9896,9990,10053
東京都,稲荷町,東京メトロ銀座線,35.711362,139.782176,17294,17868,18410
東京都,穴守稲荷,京急空港線,35.550406,139.746464,18698,18878,19922
千葉県,穴川,千葉都市モノレール２号線,35.639514,140.111903,3572,3635,3718
神奈川県,穴部,伊豆箱根鉄道大雄山線,35.279842,139.148887,1330,1356,1355
千葉県,空港第２ビル,京成本線,35.773171,140.387123,0,0,0
東京都,立会川,京急本線,35.598374,139.738796,19096,19554,19337
神奈川県,立場,横浜市営地下鉄ブルーライン,35.414501,139.500992,22522,23757,22586
東京都,立川,ＪＲ中央線快速,35.698024,139.41393,331290,337024,337024
東京都,立川北,多摩モノレール,35.699469,139.412514,21912,22212,44151
東京都,立川南,多摩モノレール,35.696275,139.412653,15884,15975,32366
東京都,立飛,多摩モノレール,35.714328,139.417096,5782,6208,12986
東京都,競艇場前,西武多摩川線,35.656169,139.499592,2785,2908,2924
東京都,竹ノ塚,東武スカイツリーライン(浅草－東武動物公園),35.794492,139.790811,73186,73529,72689
千葉県,竹岡,ＪＲ内房線,35.197641,139.82989,0,0,0
東京都,竹橋,東京メトロ東西線,35.690448,139.757457,48453,49014,49315
埼玉県,竹沢,ＪＲ八高線(高麗川－高崎),36.075453,139.229983,0,0,0
東京都,竹芝,ゆりかもめ,35.654174,139.761903,5006,4924,4508
千葉県,笠上黒生,銚子電鉄,35.728352,140.856976,68,79,78
埼玉県,笠幡,ＪＲ川越線,35.907557,139.406476,6000,5912,5912
東京都,笹塚,京王線,35.67367,139.667326,81557,82784,82813
千葉県,笹川,ＪＲ成田線(千葉－銚子),35.839753,140.655737,742,640,640
東京都,等々力,東急大井町線,35.608454,139.647498,29672,29718,29530
東京都,箱根ケ崎,ＪＲ八高線(八王子－高麗川),35.771376,139.346709,0,0,0
神奈川県,箱根板橋,箱根登山鉄道(小田原－箱根湯本),35.245207,139.145223,2463,2162,2314
神奈川県,箱根湯本,箱根登山鉄道(小田原－箱根湯本),35.233485,139.103727,11507,11179,10609
東京都,築地,東京メトロ日比谷線,35.667894,139.772373,77498,78372,71205
東京都,築地市場,都営地下鉄大江戸線,35.664895,139.766791,32729,30264,26265
東京都,篠崎,都営地下鉄新宿線,35.706087,139.90375,39858,41007,41165
埼玉県,籠原,ＪＲ高崎線,36.174666,139.330526,29690,30154,30154
東京都,糀谷,京急空港線,35.55449,139.729633,26918,27990,28843
東京都,経堂,小田急小田原線,35.65131,139.636441,77959,80941,82540
神奈川県,綱島,東急東横線,35.53699,139.634946,103247,104395,103630
東京都,綾瀬,東京メトロ千代田線(綾瀬－北綾瀬),35.762163,139.825171,480693,909468,455014
千葉県,総元,いすみ鉄道,35.240505,140.240354,7,5,7
東京都,緑が丘,東急大井町線,35.606455,139.679162,10100,10418,10365
神奈川県,緑園都市,相鉄いずみ野線,35.439137,139.521571,25841,25786,25276
神奈川県,緑町,伊豆箱根鉄道大雄山線,35.259122,139.158638,473,513,516
東京都,練馬,西武有楽町線,35.737858,139.654491,211236,214397,216276
東京都,練馬春日町,都営地下鉄大江戸線,35.751355,139.640242,22260,23000,23110
東京都,練馬高野台,西武池袋線(池袋－飯能),35.740579,139.616939,27308,27206,27327
東京都,羽村,ＪＲ青梅線,35.758432,139.315935,27916,27632,27632
埼玉県,羽生,東武伊勢崎線(東武動物公園－伊勢崎),36.170364,139.534065,19036,18876,18373
東京都,羽田空港国内線ターミナル,京急空港線,35.549908,139.786239,0,0,0
東京都,羽田空港国際線ターミナル,京急空港線,35.544908,139.767908,0,0,0
東京都,羽田空港国際線ビル,東京モノレール羽田空港線,35.544353,139.768186,0,0,0
東京都,羽田空港第１ビル,東京モノレール羽田空港線,35.549075,139.784851,0,0,0
東京都,羽田空港第２ビル,東京モノレール羽田空港線,35.550741,139.788184,0,0,0
埼玉県,羽貫,ニューシャトル,36.007133,139.608538,4464,4457,4380
千葉県,習志野,新京成線,35.715394,140.042738,13396,13360,13283
東京都,聖蹟桜ケ丘,京王線,35.650752,139.44704,0,0,0
神奈川県,能見台,京急本線,35.360841,139.629456,31056,30831,30365
神奈川県,腰越,江ノ島電鉄,35.308317,139.493414,3065,3047,2945
東京都,自由が丘,東急東横線,35.607566,139.66908,156540,158014,156160
東京都,舎人,日暮里・舎人ライナー,35.805714,139.770118,8173,8513,8733
東京都,舎人公園,日暮里・舎人ライナー,35.796826,139.770118,4496,4561,4760
神奈川県,舞岡,横浜市営地下鉄ブルーライン,35.40253,139.551515,5421,5446,5667
千葉県,舞浜,ＪＲ京葉線,35.636122,139.883727,156554,166314,166314
埼玉県,航空公園,西武新宿線,35.798459,139.46556,27956,27404,24494
東京都,船の科学館,ゆりかもめ,35.621316,139.773209,0,0,0
東京都,船堀,都営地下鉄新宿線,35.683727,139.863727,63212,64560,64062
千葉県,船橋,東武アーバンパークライン(柏－船橋),35.701701,139.985105,391574,393901,392768
千葉県,船橋日大前,東葉高速鉄道,35.727116,140.059681,20096,20218,20270
千葉県,船橋法典,ＪＲ武蔵野線,35.730836,139.966576,37082,38318,38318
千葉県,船橋競馬場,京成本線,35.689758,139.997937,20611,20872,20709
東京都,芝公園,都営地下鉄三田線,35.653451,139.749737,31368,32260,33271
千葉県,芝山千代田,芝山鉄道,35.754063,140.399512,1513,1542,1435
東京都,芝浦ふ頭,ゆりかもめ,35.642314,139.757848,5308,5232,5090
埼玉県,芦ケ久保,西武秩父線,35.976906,139.13694,0,0,0
東京都,芦花公園,京王線,35.670586,139.608749,14587,15020,14929
東京都,花小金井,西武新宿線,35.726106,139.513226,57651,59223,59220
埼玉県,花崎,東武伊勢崎線(東武動物公園－伊勢崎),36.109928,139.633615,11036,11076,10682
神奈川県,花月園前,京急本線,35.500383,139.673028,0,0,0
東京都,若松河田,都営地下鉄大江戸線,35.699057,139.717905,31796,32363,32326
東京都,若林,東急世田谷線,35.645978,139.659912,8672,9146,9135
埼玉県,若葉,東武東上線,35.949108,139.408752,38279,38498,38038
神奈川県,若葉台,京王相模原線,35.619228,139.472568,27400,27278,26954
千葉県,茂原,ＪＲ外房線,35.426875,140.303952,22564,22544,22544
神奈川県,茅ケ崎,ＪＲ東海道本線(東京－熱海),35.330285,139.406753,0,0,0
東京都,茅場町,東京メトロ東西線,35.679921,139.780066,129847,131870,129424
東京都,茗荷谷,東京メトロ丸ノ内線(池袋－荻窪),35.716805,139.737235,79409,79328,78179
埼玉県,草加,東武スカイツリーライン(浅草－東武動物公園),35.82849,139.803447,87341,88400,88682
東京都,荏原中延,東急池上線,35.609927,139.711964,13733,13881,13910
東京都,荏原町,東急大井町線,35.603761,139.707827,17178,17964,17976
東京都,荒川一中前,都電荒川線,35.733777,139.787897,699,699,699
東京都,荒川七丁目,都電荒川線,35.741832,139.784286,473,473,473
東京都,荒川二丁目,都電荒川線,35.73872,139.784564,845,845,845
東京都,荒川区役所前,都電荒川線,35.735166,139.786231,1689,1689,1689
東京都,荒川車庫前,都電荒川線,35.750997,139.752622,3350,3350,3350
東京都,荒川遊園地前,都電荒川線,35.750719,139.757899,2207,2207,2207
東京都,荻窪,ＪＲ中央・総武線各駅停車,35.704611,139.619968,265054,273253,274856
千葉県,菅野,京成本線,35.728196,139.919553,4205,4154,4195
神奈川県,菊名,ＪＲ横浜線,35.509798,139.631337,244802,247282,245108
東京都,菊川,都営地下鉄新宿線,35.688337,139.806093,25620,25721,25887
東京都,萩山,西武拝島線,35.740409,139.47745,10181,10305,10118
東京都,落合,東京メトロ東西線,35.710722,139.686073,26317,27280,27490
東京都,落合南長崎,都営地下鉄大江戸線,35.722943,139.68374,27147,28006,28212
東京都,葛西,東京メトロ東西線,35.663591,139.872143,106899,108225,107152
東京都,葛西臨海公園,ＪＲ京葉線,35.644399,139.861617,26712,27458,27458
千葉県,葭川公園,千葉都市モノレール１号線,35.608796,140.119959,1995,2068,2189
神奈川県,蒔田,横浜市営地下鉄ブルーライン,35.430195,139.610482,22414,22560,22959
埼玉県,蒲生,東武スカイツリーライン(浅草－東武動物公園),35.867013,139.791641,17571,17685,17476
東京都,蒲田,ＪＲ京浜東北線,35.562155,139.71555,455166,461931,461510
東京都,蓮根,都営地下鉄三田線,35.784048,139.679015,19566,19682,19459
東京都,蓮沼,東急池上線,35.564349,139.708467,8436,8597,8577
埼玉県,蓮田,ＪＲ宇都宮線,35.981248,139.652897,42096,41798,41798
東京都,蔵前,都営地下鉄浅草線,35.704475,139.792065,69657,72864,73606
埼玉県,蕨,ＪＲ京浜東北線,35.828153,139.690457,120268,123052,123052
千葉県,薬園台,新京成線,35.710173,140.037878,15038,15229,15045
神奈川県,藤が丘,東急田園都市線,35.543571,139.5279,27331,27264,26769
埼玉県,藤の牛島,東武アーバンパークライン(大宮－柏),35.980167,139.777665,7262,7217,7141
神奈川県,藤沢,ＪＲ東海道本線(東京－熱海),35.338841,139.487329,404774,409955,407865
神奈川県,藤沢本町,小田急江ノ島線,35.34798,139.476274,21954,21970,21694
神奈川県,藤野,ＪＲ中央本線(東京－塩尻),35.615862,139.152539,4842,4530,4530
千葉県,蘇我,ＪＲ内房線,35.581465,140.131153,66246,68488,68488
東京都,虎ノ門,東京メトロ銀座線,35.670172,139.750098,117329,115957,110008
神奈川県,螢田,小田急小田原線,35.284981,139.151999,6283,6246,6059
千葉県,行川アイランド,ＪＲ外房線,35.118295,140.226223,0,0,0
千葉県,行徳,東京メトロ東西線,35.682813,139.91475,58256,58627,57818
埼玉県,行田,ＪＲ高崎線,36.113869,139.43227,13534,13320,13320
埼玉県,行田市,秩父鉄道,36.143699,139.458878,1716,1716,1685
神奈川県,衣笠,ＪＲ横須賀線,35.257353,139.661374,17514,17136,17136
東京都,表参道,東京メトロ千代田線(綾瀬－代々木上原),35.66545,139.712074,182125,186923,183989
千葉県,袖ケ浦,ＪＲ内房線,35.432173,139.957869,0,0,0
東京都,西ケ原,東京メトロ南北線,35.745663,139.742428,0,0,0
東京都,西ケ原四丁目,都電荒川線,35.744608,139.732902,0,0,0
東京都,西八王子,ＪＲ中央線快速,35.656498,139.31244,64604,64432,64432
千葉県,西千葉,ＪＲ中央・総武線各駅停車,35.622545,140.10332,45442,44770,44770
東京都,西台,都営地下鉄三田線,35.786908,139.673543,26106,27418,27098
埼玉県,西吾野,西武秩父線,35.926385,139.202186,339,346,343
東京都,西国分寺,ＪＲ中央本線(東京－塩尻),35.699775,139.465704,58600,59856,59856
東京都,西国立,ＪＲ南武線(川崎－立川),35.693469,139.424235,20706,20370,20370
東京都,西大井,ＪＲ横須賀線,35.601789,139.721825,30334,31666,31666
千葉県,西大原,いすみ鉄道,35.260366,140.377897,15,13,11
埼玉県,西大宮,ＪＲ川越線,35.922308,139.579878,18374,20660,20660
埼玉県,西大家,東武越生線,35.931692,139.35634,4018,4020,3981
東京都,西大島,都営地下鉄新宿線,35.68931,139.826285,28711,29314,29561
東京都,西太子堂,東急世田谷線,35.644645,139.666245,837,882,882
東京都,西小山,東急目黒線,35.615676,139.698883,37508,37686,37342
埼玉県,西川口,ＪＲ京浜東北線,35.815711,139.7044,111838,117142,117142
埼玉県,西川越,ＪＲ川越線,35.919168,139.459499,2750,2694,2694
東京都,西巣鴨,都営地下鉄三田線,35.743414,139.728818,30037,30549,30335
東京都,西府,ＪＲ南武線(川崎－立川),35.671,139.457372,20556,20718,20718
埼玉県,西所沢,西武池袋線(池袋－飯能),35.789265,139.456005,25127,25814,25720
東京都,西新井,東武大師線,35.777217,139.790451,66865,67149,66712
東京都,西新井大師西,日暮里・舎人ライナー,35.78155,139.770119,11701,11978,12163
東京都,西新宿,東京メトロ丸ノ内線(池袋－荻窪),35.694446,139.692573,86795,89547,91457
東京都,西新宿五丁目,都営地下鉄大江戸線,35.689613,139.684019,33348,36090,36022
東京都,西日暮里,東京メトロ千代田線(綾瀬－代々木上原),35.73211,139.766788,400458,402518,401216
東京都,西早稲田,東京メトロ副都心線,35.70739,139.709016,38739,39808,39863
神奈川県,西横浜,相鉄本線,35.453526,139.608591,14256,14531,14832
東京都,西武園,西武西武園線,35.768045,139.448701,3707,3657,3591
東京都,西武新宿,西武新宿線,35.695335,139.700017,180884,184573,183666
東京都,西武柳沢,西武新宿線,35.728635,139.552611,16543,16727,16616
埼玉県,西武球場前,西武山口線,35.77085,139.419454,10874,13869,13830
埼玉県,西武秩父,秩父鉄道(西武秩父－影森),35.989682,139.083388,7418,7229,7146
東京都,西武立川,西武拝島線,35.726271,139.370515,11650,11977,11705
東京都,西武遊園地,西武多摩湖線,35.765962,139.442647,2634,2695,2587
東京都,西永福,京王井の頭線,35.67878,139.635384,18377,18774,18838
埼玉県,西浦和,ＪＲ武蔵野線,35.844206,139.627906,29356,29910,29910
千葉県,西海鹿島,銚子電鉄,35.725074,140.86017,20,28,30
千葉県,西畑,いすみ鉄道,35.250419,140.215217,11,5,7
千葉県,西登戸,京成千葉線,35.617489,140.102848,2631,2695,2636
千葉県,西白井,北総鉄道北総線,35.784387,140.031402,12779,12833,12587
東京都,西立川,ＪＲ青梅線,35.703578,139.393681,13530,13656,13656
埼玉県,西羽生,秩父鉄道,36.176558,139.524482,342,323,308
千葉県,西船橋,ＪＲ武蔵野線,35.707199,139.959412,686351,870580,693803
東京都,西荻窪,ＪＲ中央・総武線各駅停車,35.703777,139.599636,88954,91556,91556
東京都,西葛西,東京メトロ東西線,35.664424,139.859756,105183,106394,105321
東京都,西調布,京王線,35.657058,139.530088,17496,17698,17610
神奈川県,西谷,相鉄本線,35.478023,139.565205,23208,23296,24551
神奈川県,西鎌倉,湘南モノレール,35.319427,139.504384,5199,5450,5289
東京都,西馬込,都営地下鉄浅草線,35.587264,139.706327,47457,48687,49538
東京都,西高島平,都営地下鉄三田線,35.79199,139.645906,12914,13397,13606
東京都,要町,東京メトロ有楽町線,35.733137,139.698265,40095,41430,41969
東京都,見沼代親水公園,日暮里・舎人ライナー,35.814602,139.770673,13013,13371,13719
埼玉県,親鼻,秩父鉄道,36.077617,139.106133,397,394,381
千葉県,観音,銚子電鉄,35.728879,140.839837,50,68,67
千葉県,誉田,ＪＲ外房線,35.546971,140.213815,13646,14056,14056
神奈川県,読売ランド前,小田急小田原線,35.614729,139.528202,35761,36374,36082
東京都,調布,京王線,35.651864,139.544421,125624,129968,130065
東京都,護国寺,東京メトロ有楽町線,35.719166,139.727319,44262,44691,43428
東京都,谷保,ＪＲ南武線(川崎－立川),35.681416,139.446734,20720,20884,20884
東京都,谷在家,日暮里・舎人ライナー,35.788771,139.770119,9892,10532,10870
埼玉県,谷塚,東武スカイツリーライン(浅草－東武動物公園),35.814157,139.801308,38237,38667,38681
神奈川県,谷峨,ＪＲ御殿場線,35.36547,139.038532,0,0,218
千葉県,谷津,京成本線,35.685314,140.007575,10906,11115,11033
千葉県,豊四季,東武アーバンパークライン(大宮－柏),35.866543,139.939573,15131,15566,15656
東京都,豊島園,西武豊島線,35.74194,139.647936,25693,26770,26671
埼玉県,豊春,東武アーバンパークライン(大宮－柏),35.967973,139.726169,13654,13721,13398
東京都,豊洲,ゆりかもめ,35.655479,139.795595,236550,255583,256759
東京都,豊田,ＪＲ中央本線(東京－塩尻),35.6595,139.381489,68002,70664,70664
東京都,豪徳寺,小田急小田原線,35.653672,139.647523,27258,28149,28656
東京都,赤土小学校前,日暮里・舎人ライナー,35.742943,139.76901,5016,5206,5216
東京都,赤坂,東京メトロ千代田線(綾瀬－代々木上原),35.67206,139.736404,96327,98319,97481
東京都,赤坂見附,東京メトロ銀座線,35.676893,139.737321,127252,130450,121665
東京都,赤羽,ＪＲ京浜東北線,35.77766,139.720957,187068,194498,194498
東京都,赤羽岩淵,東京メトロ南北線,35.783436,139.721122,92093,97360,100337
東京都,赤羽橋,都営地下鉄大江戸線,35.654896,139.744016,40429,43070,42784
東京都,越中島,ＪＲ京葉線,35.667951,139.792622,10458,11470,11470
埼玉県,越生,東武越生線,35.96216,139.299344,5477,3858,3666
埼玉県,越谷,東武スカイツリーライン(浅草－東武動物公園),35.88826,139.786057,50477,51037,50714
埼玉県,越谷レイクタウン,ＪＲ武蔵野線,35.87629,139.822194,51060,56844,56844
神奈川県,足柄,小田急小田原線,35.272204,139.154526,3917,3984,4792
東京都,足立小台,日暮里・舎人ライナー,35.754608,139.770398,3938,3931,3875
神奈川県,踊場,横浜市営地下鉄ブルーライン,35.405891,139.518156,18847,18901,19146
東京都,軍畑,ＪＲ青梅線,35.807592,139.207664,0,0,0
東京都,辰巳,東京メトロ有楽町線,35.645593,139.810539,30379,30636,30603
神奈川県,辻堂,ＪＲ東海道本線(東京－熱海),35.336841,139.447083,115820,118850,118850
神奈川県,追浜,京急本線,35.315707,139.624902,42366,42727,42286
千葉県,逆井,東武アーバンパークライン(柏－船橋),35.823215,139.983905,14406,14481,14131
神奈川県,逗子,ＪＲ横須賀線,35.297514,139.579545,58546,58532,58532
神奈川県,逸見,京急本線,35.280656,139.652846,5256,5290,5299
埼玉県,遊園地西,西武山口線,35.769378,139.440035,695,721,682
千葉県,運河,東武アーバンパークライン(大宮－柏),35.914038,139.906129,22029,22053,21875
千葉県,那古船形,ＪＲ内房線,35.028464,139.851618,370,0,0
東京都,都庁前,都営地下鉄大江戸線,35.690447,139.691519,50008,52192,51967
東京都,都立大学,東急東横線,35.617815,139.676467,48886,49233,49045
東京都,都立家政,西武新宿線,35.722331,139.644604,18958,19229,19236
神奈川県,都筑ふれあいの丘,横浜市営地下鉄グリーンライン,35.536572,139.561259,21076,21847,22282
千葉県,都賀,千葉都市モノレール２号線,35.636072,140.149372,54033,54357,54342
東京都,都電雑司ケ谷,都電荒川線,35.724333,139.717986,0,0,0
千葉県,酒々井,ＪＲ成田線(千葉－銚子),35.731841,140.275357,6958,7346,7346
千葉県,里見,小湊鉄道,35.337215,140.145386,62,55,55
埼玉県,野上,秩父鉄道,36.111585,139.110853,655,648,620
神奈川県,野島公園,横浜シーサイドライン,35.330567,139.631567,2774,2880,2882
東京都,野方,西武新宿線,35.71972,139.653048,25056,25522,25560
千葉県,野田市,東武アーバンパークライン(大宮－柏),35.943395,139.870798,10177,10099,9932
埼玉県,金子,ＪＲ八高線(八王子－高麗川),35.811038,139.328682,4046,4252,4252
神奈川県,金沢八景,京急逗子線,35.331234,139.620124,74360,74845,75632
神奈川県,金沢文庫,京急本線,35.342955,139.621651,70524,70673,69940
東京都,金町,ＪＲ常磐線各駅停車,35.769525,139.870277,101718,103414,103414
神奈川県,鈴木町,京急大師線,35.535241,139.720717,10081,10389,11229
埼玉県,鉄道博物館,ニューシャトル,35.920254,139.617652,9570,10569,10299
埼玉県,鉢形,東武東上線,36.113754,139.209344,1068,1030,967
東京都,銀座,東京メトロ丸ノ内線(池袋－荻窪),35.672117,139.764569,266574,265325,257440
東京都,銀座一丁目,東京メトロ有楽町線,35.67456,139.766679,38754,39250,39562
千葉県,銚子,ＪＲ成田線(千葉－銚子),35.729684,140.827311,6800,13394,6702
東京都,錦糸町,ＪＲ中央・総武線各駅停車,35.696421,139.813952,317786,319260,321474
千葉県,鎌ケ谷,東武アーバンパークライン(柏－船橋),35.763721,139.997295,0,0,0
千葉県,鎌ケ谷大仏,新京成線,35.757917,140.013822,0,0,0
神奈川県,鎌倉,ＪＲ横須賀線,35.319095,139.550436,116880,117273,115478
神奈川県,鎌倉高校前,江ノ島電鉄,35.306735,139.500413,4058,4395,4378
千葉県,鎌取,ＪＲ外房線,35.562802,140.178484,40748,41514,41514
東京都,鐘ケ淵,東武スカイツリーライン(浅草－東武動物公園),35.733416,139.820005,0,0,0
東京都,長原,東急池上線,35.602262,139.697799,15944,16124,16083
神奈川県,長後,小田急江ノ島線,35.412528,139.465521,35145,34945,34294
東京都,長沼,京王線,35.642807,139.366214,4211,4100,4034
神奈川県,長津田,ＪＲ横浜線,35.531849,139.494598,275582,276606,263203
千葉県,長浦,ＪＲ内房線,35.450478,139.995671,12176,12242,12242
埼玉県,長瀞,秩父鉄道,36.095588,139.112075,1351,1320,1311
千葉県,長者町,ＪＲ外房線,35.295861,140.385062,804,682,682
神奈川県,長谷,江ノ島電鉄,35.311318,139.536076,10248,10136,9276
東京都,門前仲町,都営地下鉄大江戸線,35.672395,139.795122,207202,207007,206724
神奈川県,門沢橋,ＪＲ相模線,35.406583,139.380196,0,0,0
神奈川県,開成,小田急小田原線,35.326253,139.135914,11329,11414,12350
神奈川県,関内,横浜市営地下鉄ブルーライン,35.445638,139.635951,155171,157340,158000
神奈川県,阪東橋,横浜市営地下鉄ブルーライン,35.437638,139.625313,20551,21442,21344
東京都,阿佐ケ谷,ＪＲ中央線快速,35.704889,139.636327,0,0,0
東京都,雑司が谷,東京メトロ副都心線,35.720444,139.714849,18381,19061,19339
東京都,雑色,京急本線,35.549684,139.714967,31106,31941,32138
東京都,雪が谷大塚,東急池上線,35.591985,139.680996,25312,25649,25644
東京都,霞ケ関,東京メトロ丸ノ内線(池袋－荻窪),35.673505,139.751792,0,0,0
東京都,青井,つくばエクスプレス,35.772662,139.820393,13100,13200,13100
千葉県,青堀,ＪＲ内房線,35.330405,139.85827,3148,3040,3040
東京都,青山一丁目,都営地下鉄大江戸線,35.67281,139.724017,195632,196759,194946
東京都,青梅,ＪＲ青梅線,35.79029,139.258383,13470,12994,12994
東京都,青梅街道,西武多摩湖線,35.730605,139.476562,8335,8446,8367
東京都,青海,ゆりかもめ,35.6249,139.781514,5673,8995,11884
東京都,青物横丁,京急本線,35.609345,139.742989,42941,43633,43796
東京都,青砥,京成押上線,35.745722,139.856168,50364,51372,51039
神奈川県,青葉台,東急田園都市線,35.542931,139.517178,112929,113103,110999
東京都,面影橋,都電荒川線,35.712945,139.714293,822,822,822
神奈川県,風祭,箱根登山鉄道(小田原－箱根湯本),35.246206,139.129196,1730,1786,1744
東京都,飛田給,京王線,35.660196,139.523311,26779,29978,28284
東京都,飛鳥山,都電荒川線,35.750441,139.737623,993,993,993
千葉県,飯倉,ＪＲ総武本線,35.685711,140.522422,0,0,0
千葉県,飯山満,東葉高速鉄道,35.714033,140.022295,19096,19514,19900
千葉県,飯岡,ＪＲ総武本線,35.729321,140.683712,1548,1460,1460
神奈川県,飯田岡,伊豆箱根鉄道大雄山線,35.287813,139.139333,1783,1794,1768
東京都,飯田橋,東京メトロ東西線,35.702113,139.744847,416491,418550,414600
千葉県,飯給,小湊鉄道,35.320411,140.142498,4,4,4
埼玉県,飯能,西武池袋線(池袋－飯能),35.851089,139.319069,32101,32592,32929
千葉県,養老渓谷,小湊鉄道,35.266361,140.159221,150,144,144
千葉県,館山,ＪＲ内房線,34.995857,139.86198,3572,3312,3312
千葉県,香取,ＪＲ成田線(千葉－銚子),35.897995,140.531995,0,0,0
神奈川県,香川,ＪＲ相模線,35.356477,139.39978,10444,10930,10930
東京都,馬喰横山,都営地下鉄新宿線,35.692058,139.782733,115517,117738,118024
東京都,馬喰町,ＪＲ総武本線,35.693392,139.782483,50550,52384,52384
神奈川県,馬堀海岸,京急本線,35.259493,139.707898,9406,9240,9045
千葉県,馬来田,ＪＲ久留里線,35.366654,140.058669,432,402,402
千葉県,馬橋,流鉄流山線,35.811604,139.917355,53426,54569,54638
千葉県,馬立,小湊鉄道,35.423788,140.114634,191,198,198
神奈川県,馬車道,みなとみらい線,35.450249,139.635979,39016,40037,41627
東京都,馬込,都営地下鉄浅草線,35.596485,139.711771,27720,28981,29491
千葉県,馬込沢,東武アーバンパークライン(柏－船橋),35.742057,139.992463,26786,26787,26529
東京都,駒場東大前,京王井の頭線,35.658645,139.684493,39417,39099,37851
東京都,駒沢大学,東急田園都市線,35.633508,139.661801,78934,80970,80468
東京都,駒込,ＪＲ山手線,35.73647,139.746872,136987,140924,140767
東京都,高井戸,京王井の頭線,35.683306,139.615025,43994,44392,44197
東京都,高円寺,ＪＲ中央線快速,35.705333,139.649826,100678,103526,103526
埼玉県,高坂,東武東上線,36.002658,139.39764,25678,25298,24438
東京都,高尾,ＪＲ中央本線(東京－塩尻),35.642194,139.281776,85795,85308,84425
東京都,高尾山,高尾登山電鉄高尾登山ケーブル,35.631084,139.256084,3764,3641,3295
東京都,高尾山口,京王高尾線,35.632223,139.269945,11308,11352,10431
東京都,高島平,都営地下鉄三田線,35.788824,139.661321,30582,30767,30651
神奈川県,高島町,横浜市営地下鉄ブルーライン,35.459081,139.62334,9662,10612,10680
東京都,高幡不動,京王線,35.661834,139.414321,74385,73928,84574
神奈川県,高座渋谷,小田急江ノ島線,35.432497,139.464883,25492,25580,25520
東京都,高松,多摩モノレール,35.709884,139.413207,3884,3937,8236
千葉県,高柳,東武アーバンパークライン(柏－船橋),35.808439,139.999043,14124,14494,14701
千葉県,高根公団,新京成線,35.730643,140.029377,15593,15643,15344
千葉県,高根木戸,新京成線,35.726699,140.034961,8414,8509,8370
神奈川県,高津,東急大井町線,35.603537,139.617473,32000,32614,32388
千葉県,高滝,小湊鉄道,35.353046,140.150273,24,21,21
神奈川県,高田,横浜市営地下鉄グリーンライン,35.549627,139.620142,15565,15898,16305
東京都,高田馬場,西武新宿線,35.713333,139.704294,922227,933963,925486
東京都,高輪台,都営地下鉄浅草線,35.631342,139.730073,14822,15024,14863
東京都,高野,日暮里・舎人ライナー,35.768495,139.770675,5862,6174,6295
埼玉県,高麗,西武池袋線(飯能－吾野),35.881752,139.30443,2745,2694,2597
埼玉県,高麗川,ＪＲ八高線(八王子－高麗川),35.896279,139.337954,9310,9160,9160
東京都,鬼子母神前,都電荒川線,35.720166,139.714849,2564,2564,2564
千葉県,鬼越,京成本線,35.720003,139.937218,5494,5696,5811
東京都,鮫洲,京急本線,35.605123,139.742546,10821,11234,11313
千葉県,鰭ケ崎,流鉄流山線,35.841017,139.911159,0,0,0
神奈川県,鳥浜,横浜シーサイドライン,35.377173,139.641842,7644,6792,6810
埼玉県,鳩ケ谷,埼玉高速鉄道,35.83071,139.736231,0,0,0
東京都,鳩ノ巣,ＪＲ青梅線,35.814923,139.128754,0,0,0
神奈川県,鴨宮,ＪＲ東海道本線(東京－熱海),35.275815,139.180218,25316,25176,25176
神奈川県,鴨居,ＪＲ横浜線,35.510881,139.567093,79182,79370,79370
埼玉県,鴻巣,ＪＲ高崎線,36.059237,139.509655,39654,39300,39300
東京都,鵜の木,東急多摩川線,35.575347,139.68083,20059,20162,19820
千葉県,鵜原,ＪＲ外房線,35.140821,140.278495,0,0,0
神奈川県,鵠沼,江ノ島電鉄,35.321482,139.482719,4257,4365,4278
神奈川県,鵠沼海岸,小田急江ノ島線,35.320704,139.471081,20079,20073,19859
東京都,鶯谷,ＪＲ山手線,35.720306,139.779092,49222,52296,52296
神奈川県,鶴ケ峰,相鉄本線,35.475051,139.550234,0,0,0
埼玉県,鶴ケ島,東武東上線,35.936915,139.423723,0,0,0
東京都,鶴川,小田急小田原線,35.583121,139.480929,69141,69239,68992
神奈川県,鶴巻温泉,小田急小田原線,35.381111,139.277844,15041,15126,14963
埼玉県,鶴瀬,東武東上線,35.845788,139.539496,49596,50139,50210
神奈川県,鶴見,ＪＲ京浜東北線,35.508549,139.676028,160364,162112,162112
神奈川県,鶴見小野,ＪＲ鶴見線(鶴見－扇町),35.497134,139.681055,0,0,0
神奈川県,鶴見市場,京急本線,35.517798,139.686609,20877,21325,21572
神奈川県,鶴間,小田急江ノ島線,35.490213,139.450853,30443,30489,30356
埼玉県,鷲宮,東武伊勢崎線(東武動物公園－伊勢崎),36.09643,139.656947,7041,6918,6723
東京都,鷹の台,西武国分寺線,35.723411,139.461063,26715,26592,25914
東京都,鷺ノ宮,西武新宿線,35.722608,139.638938,32469,33063,33147
神奈川県,鷺沼,東急田園都市線,35.579567,139.573005,63214,63543,63155
神奈川県,鹿島田,ＪＲ南武線(川崎－立川),35.551322,139.675165,37340,38322,38322
東京都,麹町,東京メトロ有楽町線,35.684781,139.737459,65797,66433,65607
東京都,麻布十番,都営地下鉄大江戸線,35.656007,139.737072,87728,88741,86285
神奈川県,黄金町,京急本線,35.43975,139.622729,22576,22958,22987
